last_name, fix,
&0ATA, IWATA,
&IRAOKO, HIRAOKO,
&K&DA, IKEDA,
&SHIOKA, ISHIOKA,
&URUTA, FURUTA,
-A-&&, ,
0AKA0SUN-, ,
0AMATA, ,
0YETAKE, UYETAKE,
1YAMAMOTO, YAMAMOTO,
2OYAMA, KOYAMA,
2UMASAKI, KUMASAKI,
2UNITOMI, KUNITOMI,
2UROSE, KUROSE,
2USHI, KUSHI,
3HIKASAWA, CHIKASAWA,
4IKAMI, MIKAMI,
4IURA, MIURA,
4OI, DOI,
6UJIMOTO, FUJIMOTO,
6UKASAWA, FUKASAWA,
6UKAYE, FUKAYE,
6URUTA, FURUTA,
8ASHIMOTO, HASHIMOTO,
8IMAKA, HIMAKA,
8IRASAWA, HIRASAWA,
8ONDA, HONDA,
8ORIO, HORIO,
9MAMOTO, IMAMOTO,
9NATOMI, INATOMI,
9SHIOKA, ISHIOKA,
9WAI, IWAI,
9WASAKI, IWASAKI,
A AS IMA, NAKASHIMA,
AANAGAWA, KANAGAWA,
AAWATO, KAWATO,
AMIMOTO KA, AMIMOTO,
DOIWEHI  K, DOIWEHI,
FUJ99, FUJII,
FUJIMOTO H, FUJIMOTO,
FUJIMURA
FUJINAGA
FUJINAKA
FUJINAMI
FUJINO
FUJIO
FUJIOKA
FUJIOKI
FUJISADA
FUJISAKA
FUJISAKI
FUJISAWA
FUJISE
FUJISHIGE
FUJISHIMA
FUJISHIN
FUJITA
FUJITAKI
FUJITANI
FUJITO
FUJITOMI
FUJITSUBO
FUJIU
FUJIURA
FUJIWARA
FUJIWARE
FUJIYAMA
FUJIYE
FUJIYOSHI
FUJIZAWA
FUJUI
FUKADA
FUKAGAI
FUKAGAWA
FUKAI
FUKAMAKI
FUKAMI
FUKAMIZU
FUKANAGA
FUKANO
FUKANOKI
FUKASAKI
FUKASAWA
FUKASE
FUKAWA
FUKAYA
FUKAYAMA
FUKAYE
FUKCHI
FUKEDA
FUKEI
FUKI
FUKIAGE
FUKICHI
FUKIDA
FUKIMURA
FUKOTOMI
FUKU&A
FUKUBA
FUKUCHI
FUKUDA
FUKUDUME
FUKUHARA
FUKUI
FUKUKAI
FUKUMA
FUKUMITSU
FUKUMIYO
FUKUMIZU
FUKUMORI
FUKUMOTO
FUKUMURA
FUKUNAGA
FUKUNAGE
FUKUNAGO
FUKUNYA
FUKUOKA
FUKURA
FUKURKAWA
FUKUSAWA
FUKUSHIMA
FUKUTA
FUKUTAKE
FUKUTAKI
FUKUTANI
FUKUTE
FUKUTO
FUKUTOME
FUKUTOMI
FUKUWA
FUKUYA
FUKUYAMA
FUKUYE
FUKUZAWA
FULLERT
FUMOTO
FUMUDA
FUNABA
FUNABIKI
FUNADA
FUNAHASHI
FUNAI
FUNAKAWA
FUNAKI
FUNAKOSHI
FUNAKUBO
FUNAMORI
FUNAMOTO
FUNAMURA
FUNAO
FUNATAKE
FUNATAU
FUNATSU
FUNAYAMA
FUNN
FUNO
FURAKAWA
FURIYA
FURKAWA
FUROGORI
FURUBAYASH
FURUHASHI
FURUHATA
FURUHOSO
FURUICHI
FURUIKE
FURUKADO
FURUKANA
FURUKAWA
FURUKI
FURUMOTO
FURUMURA
FURUNO
FURUOKA
FURUSAKI
FURUSAWA
FURUSHIMA
FURUSHIO
FURUSHIRO
FURUSHO
FURUTA
FURUTANI
FURUTO
FURUTONO
FURUYA
FURUYAMA
FURUYE
FURUZAWA
FUSATO
FUSHIMI
FUTA
FUTAGAKI
FUTAMACHI
FUTAMASE
FUTAMI
FUTANI
FUTATSUKI
FUTIMOTO
FUTISAWA
FUWA
FUYUUME
GAMACHI
GAMADA
GAMOW
GEKKO
GENDA
GENDO
GENISHI
GENKA
GERTZ
GGI
GIBO
GIMA
GIMBA
GINOZA
GION
GIRAUD
GISHIFU
GLENN
GO
GODA
GODAIN
GOHATA
GOI
GOICHI
GOISHI
GOJIO
GOJOBORI
GOKA
GOKAMI
GOMES
GOMI
GONDO
GONNO
GORAI
GOROMARU
GOSHI
GOSHO
GOTA
GOTAN
GOTANDA
GOTO
GOTORI
GOTOW
GOYA
GOZAWA
GRAHAM
GRAVES
GRAY
GRIMMESEY
GUNDRAN
GURO
GUSHIKEN
GUSUKUMA
GUTERRES
GYOTOKU
HA AMOTO
HABARA
HABU
HACHIKI
HACHIO
HACHISUKA
HACHIYA
HADA
HADANO
HADEISHI
HAGA
HAGAKI
HAGANUMA
HAGASHIUCH
HAGIHADA
HAGIHARA
HAGIMORI
HAGINAKA
HAGINO
HAGIO
HAGITA
HAGIWARA
HAGIYA
HAIJIMA
HAIMOTO
HAJI
HAKAGAWA
HALL
HAMA
HAMABATA
HAMABE
HAMACHI
HAMADA
HAMADE
HAMAE
HAMAGIWA
HAMAGUCHI
HAMAHASHI
HAMAI
HAMAJI
HAMAKAMI
HAMAKATA
HAMAKAWA
HAMAKO
HAMAMOTO
HAMAMURA
HAMANAKA
HAMANE
HAMANISHI
HAMANO
HAMAOKA
HAMASAKA
HAMASAKI
HAMASHIMA
HAMASHITA
HAMASUMI
HAMATAKA
HAMATAKE
HAMATANI
HAMAUCHI
HAMAYA
HAMAZAWA
HAMILTON
HAMOAKA
HANABATA
HANADA
HANAFUSA
HANAGATA
HANAI
HANAJIMA
HANAKI
HANAMOTO
HANAMURA
HANANO
HANANOUCHI
HANAOKA
HANASAKI
HANASHIRO
HANASONO
HANATANI
HANATO
HANAWA
HANAYA
HANAZONO
HANDA
HANDFORD
HANE
HANEMOTO
HANGAI
HANITA
HANKAWA
HANMIYO
HANO
HANTA
HANYU
HANZAWA
HARA
HARABARA
HARABUCHI
HARADA
HARADO
HARAGA
HARAGUCHI
HARAKAWA
HARAKO
HARAMAKI
HARAMOTO
HARAMURA
HARANAGA
HARANO
HARASAWA
HARASE
HARATANI
HARAUCHI
HARI
HARIMA
HARIU
HARUKI
HARUTA
HARUYAMA
HASABE
HASAKA
HASAMA
HASE
HASEBE
HASEGAWA
HASEMURA
HASEQAWA
HASHI
HASHIBA
HASHIDA
HASHIGAMI
HASHIGUCHI
HASHII
HASHIKAKU
HASHIKUNI
HASHIMA
HASHIMAWAR
HASHIMOTO
HASHIMURA
HASHIOKA
HASHIOKO
HASHISAKA
HASHITSUME
HASHIWARA
HASHIYAMA
HASHIZAKI
HASHIZU
HASHIZUME
HASUDA
HASUIKE
HASUNAGA
HATA
HATADA
HATAE
HATAGAMI
HATAGO
HATAHAYASH
HATAI
HATAKA
HATAKANA
HATAKAYOMA
HATAKE
HATAKEDA
HATAKEYAMA
HATAKEYEAM
HATAMIYA
HATAMO
HATAMOTO
HATANAKA
HATANO
HATASAKI
HATASHITA
HATATE
HATAYAMA
HATAYE
HATAZAKI
HATCHIMONJ
HATO
HATORI
HATTANAKA
HATTORI
HAUGEN
HAWATA
HAWEGAWA
HAWTHORNE
HAYA
HAYAI
HAYAKAWA
HAYAMA
HAYAME
HAYAMI
HAYAMIZO
HAYAMIZU
HAYANO
HAYASAKA
HAYASE
HAYASHI
HAYASHIDA
HAYASHIGAN
HAYASHIGAW
HAYASHIKAW
HAYASHIMA
HAYASHIMOT
HAYASHINO
HAYATA
HAYATSU
HAZAMA
HAZEMOTO
HEANZAN
HEDANI
HEGASHIOKA
HEISHI
HENMI
HEYA
HEYAMOTO
HEYANO
HIBAMA
HIBI
HIBINO
HIBIYA
HICHI&YOKU
HICKEY
HIDA
HIDAKA
HIDE
HIDEKAWA
HIDESHIMA
HIESHIMA
HIFUMI
HIGA
HIGA     L
HIGAKE
HIGAKI
HIGANO
HIGASHI
HIGASHIDA
HIGASHIDAN
HIGASHIDAR
HIGASHIDE
HIGASHIHAR
HIGASHIJIM
HIGASHINO
HIGASHITAR
HIGASHIUCH
HIGASHIYAM
HIGIWARA
HIGO
HIGUCHI
HIGUMA
HIGURASHI
HIHARA
HIJIKATA
HIJIYA
HIKA
HIKAWA
HIKICHI
HIKIDA
HIKIDO
HIKIJI
HIKITA
HIKOGAWA
HIKOSAKA
HIKOYAMA
HIKOYEDA
HIMAKA
HIMEMIYA
HIMOTO
HINA
HINABARA
HINAGA
HINAGATA
HINAKI
HINATSU
HINO
HINOKI
HINOMIYA
HIOKI
HIRABARA
HIRABAYASH
HIRAE
HIRAGA
HIRAHARA
HIRAI
HIRAIDE
HIRAIKE
HIRAISHI
HIRAIWA
HIRAIZUMI
HIRAKAMI
HIRAKAWA
HIRAKI
HIRAKIDA
HIRAMA
HIRAMATSU
HIRAME
HIRAMI
HIRAMINE
HIRAMINI
HIRAMO
HIRAMOTO
HIRANAGA
HIRANAKA
HIRANO
HIRANUMA
HIRAO
HIRAOKA
HIRASA
HIRASAKI
HIRASAWA
HIRASE
HIRASHIKI
HIRASHIMA
HIRASUNA
HIRASUNA F
HIRATA
HIRATSUKA
HIRATSUKE
HIRATZKA
HIRAYAMA
HIRO
HIROFUJI
HIROHARA
HIROHATA
HIROI
HIROKANE
HIROKAWA
HIROMATSU
HIROMOTO
HIROMURA
HIRONAKA
HIRONO
HIROO
HIROOKA
HIROSAWA
HIROSE
HIROSHAMA
HIROSHIGE
HIROSHIMA
HIROTA
HIROTAKA
HIROTANI
HIROTO
HIROTSU
HIROTSUKA
HIROUCHI
HIROYASU
HIROZAWA
HIRUO
HISAI
HISAKA
HISAMOTO
HISAMUNE
HISAOKA
HISASHIMA
HISATA
HISATOMI
HISATSUME
HISATSUNE
HISAYASU
HISHIDA
HISHIKAWA
HISHIKI
HISHIMURA
HISHINUMA
HISHIYAMA
HITAKA
HITOMI
HIUGA
HIURA
HIWANO
HIYAKE
HIYAMA
HIYAME
HIYANA
HIYEDA
HIYESHIMA
HIYOSHI
HIYOSHIDA
HOASHI
HOBARA
HOCHI
HOHRI
HOIDA
HOJO
HOKADO
HOKAMA
HOKAMURA
HOKARI
HOKAZONO
HOKEDO
HOKODA
HOKOYAMA
HOKWADO
HOMBO
HOMMA
HONBO
HONDA
HONDO
HONGIYO
HONGO
HONHIRO
HONJI
HONJIO
HONJIYO
HONJO
HONMA
HONMARU
HONMYO
HONNAMI
HONO
HONSHO
HONTANI
HONTO
HONYASHIKI
HOOKI
HORA
HORAGAMI
HORI
HORIBATA
HORIBE
HORIE
HORIGUCHI
HORII
HORIKANE
HORIKAWA
HORIKE
HORIKIRI
HORIKOSHI
HORIMOTO
HORINO
HORIO
HORIOKA
HORISAKA
HORISAWA
HORISHIGE
HORITA
HORITO
HORIUCHI
HORIYE
HOSAKA
HOSAKI
HOSETANI
HOSHI
HOSHIDA
HOSHIDE
HOSHIGA
HOSHIGAMI
HOSHIJIMA
HOSHIKO
HOSHIMIYA
HOSHIMOTO
HOSHINA
HOSHINO
HOSHISAKI
HOSHIWARA
HOSHIYAMA
HOSHIZAKI
HOSHIZAKIH
HOSHIZU
HOSODA
HOSOGAI
HOSOGI
HOSOHAMA
HOSOI
HOSOKA
HOSOKAWA
HOSOMA
HOSONAKA
HOSONO
HOSOUME
HOSOURA
HOSOZAWA
HOTORI
HOTSUKA
HOTTA
HOZAKI
HRIOMOTO
HSUKA
HUIRA
HUNTER
HUNTINGTON
HURIUCHI
HYODO
HYOGO
HYOSAKA
IBA
IBARA
IBARAKI
IBE
IBIGUCHI
IBUKI
IBUSUKI
ICHIBA
ICHIDA
ICHIEN
ICHIGURO
ICHIHANA
ICHIHARA
ICHIHASHI
ICHIHO
ICHIJO
ICHIKAWA
ICHIKI
ICHIMARU
ICHIMOTO
ICHIMURA
ICHINAGA
ICHINO
ICHINOKUCH
ICHINOSE
ICHINOTSUB
ICHIO
ICHIOKA
ICHIRIO
ICHIRIU
ICHISAKA
ICHISHIMA
ICHISHITA
ICHIUJI
ICHIYAMA
ICHIYASHU
ICHIYASU
IDA
IDAKA
IDAMA
IDE
IDEDA
IDEGUCHI
IDEHARA
IDEISHI
IDEKA
IDEMOTO
IDENO
IDETA
IDEUE
IDEUYE
IDO
IDOGAWA
IDOTA
IDSUMI
IEIRI
IGA
IGARASHI
IGASAKI
IGAUYE
IGAWA
IGE
IGETA
IGI
IGUCHI
IHA
IHARA
IHASHI
IHIDA
IHIRA
II
IIDA
IIJIMA
IINAHARA
IINO
IIYAMA
IIZUKA
IJICHI
IJIRI
IJUIN
IKADA
IKAI
IKAMI
IKARASHI
IKARI
IKATA
IKAWA
IKE
IKEBASU
IKEBATA
IKEBE
IKEBUCHI
IKEDA
IKEGAKI
IKEGAMI
IKEGUCHI
IKEHARA
IKEJIRI
IKEMI
IKEMIYA
IKEMIZU
IKEMORI
IKEMOTO
IKEMURA
IKENAGA
IKENO
IKENOUE
IKENOYAMA
IKEO
IKESAKI
IKETANI
IKEUCHI
IKEUYE
IKEYA
IKEZAKI
IKEZOE
IKEZOYE
IKI
IKITAKE
IKKANDA
IKO
IKOMA
IKOMO
IKUI
IKUMA
IKUMI
IKUNO
IKUTA
IMABORI
IMACHI
IMADA
IMADE
IMAFUJI
IMAGAMI
IMAGAWA
IMAHARA
IMAHORI
IMAI
IMAIZUMI
IMAKIRE
IMAKYURE
IMAMOTO
IMAMURA
IMANAKA
IMANISHI
IMAOKA
IMASATO
IMASHIMA
IMATOMI
IMATSU
IMAYANAGIT
IMAZEKI
IMAZU
IMAZUMI
IMMURA
IMOGAWA
IMOKAWA
IMON
IMORI
IMOSE
IMOTO
IMURA
IMUTA
INA
INABA
INADA
INADOMI
INAFUKU
INAGAKI
INAGATSUNA
INAGI
INAHARA
INAI
INAKI
INAMASA
INAMASU
INAMI
INAMOTO
INAMURA
INANA
INANAGA
INANO
INAO
INASAKA
INASAKO
INASHIMA
INATOME
INATOMI
INATSU
INAZAWA
INAZO
INAZU
INBE
INDDOMI
INMARU
INO
INOASHI
INODA
INOGUCHI
INOHARA
INOKUCHI
INOKUMA
INOMATA
INORI
INOSE
INOSHITA
INOUE
INOUYA
INOUYE
INSHITA
INUI
INUKAI
INUMA
INUYAMA
INUZUGAWA
INUZUKA
INUZUKE
IOHARA
IOKA
IOKI
IOROI
IRAHA
IRI
IRIE
IRIFUNE
IRIKI
IRIMAJI
IRINAGA
IRINO
IRIYAMA
IRIYE
IRIZAWA
IROKAWA
ISA
ISAGO
ISAKI
ISAMOTO
ISAMU
ISAWA
ISE
ISEDA
ISEFUKU
ISEKI
ISENI
ISERI
ISEYAMA
ISHBASHI
ISHI
ISHIBA
ISHIBASH
ISHIBASHI
ISHIBE
ISHIBOSHI
ISHIDA
ISHIDO
ISHIGAKI
ISHIGAME
ISHIGAMI
ISHIGE
ISHIGO
ISHIGURI
ISHIHARA
ISHII
ISHIII
ISHIJIMA
ISHIKAMA
ISHIKATA
ISHIKAWA
ISHIKORI
ISHIKURA
ISHIMA
ISHIMARU
ISHIMATSU
ISHIMINE
ISHIMITSU
ISHIMIZU
ISHIMORI
ISHIMOTO
ISHIMURA
ISHIMURU
ISHINARI
ISHINO
ISHIO
ISHIOKA
ISHISAKA
ISHISAKI
ISHITANI
ISHIURA
ISHIWARI
ISHIWATA
ISHIYAMA
ISHIZAKA
ISHIZAKI
ISHIZAWA
ISHIZU
ISHIZUE
ISHIZUKA
ISHNO
ISHOIKA
ISHUIN
ISO
ISOBE
ISODA
ISOGAI
ISOGAWA
ISOHIMA
ISOKAWA
ISOLUMI
ISOMOTO
ISOMURA
ISONA
ISONAGA
ISONAKA
ISONO
ISOSHIMA
ISOTANI
ISOYA
ISOYAMA
ISOYE
ISOZAKI
ISOZUMI
ISUCHIYA
ISUTSUI
ISUZUGAWA
ISWASAKI
ITABASHI
ITADANI
ITAGAKI
ITAHARA
ITAKI
ITAKURA
ITAMI
ITAMURA
ITANAGA
ITANI
ITANO
ITAOKA
ITASHIKI
ITATANI
ITAYA
ITE
ITO
ITODA
ITOGA
ITOGAWA
ITOI
ITOKAWA
ITOMITSU
ITOMURA
ITONAGA
ITOU
ITOW
ITOW     K
ITOYAMA
ITSUKI
ITSUNO
IURA
IWABUCHI
IWAFUCHI
IWAGAKI
IWAGO
IWAGURO
IWAHAMA
IWAHANA
IWAHASHI
IWAHASHI M
IWAHASHI S
IWAHASI
IWAI
IWAIHARA
IWAII
IWAKAMI
IWAKI
IWAKIRI
IWAKOSHI
IWAKUMA
IWAKURA
IWAMA
IWAMAE
IWAMASA
IWAMAYE
IWAMI
IWAMIYA
IWAMIZU
IWAMOTO
IWAMURA
IWAMURO
IWANA
IWANABE
IWANAGA
IWANAKA
IWANE
IWANO
IWAO
IWAOKA
IWAOTO
IWASA
IWASAKA
IWASAKI
IWASE
IWASHIGE
IWASHIKA
IWASHINA
IWASHITA
IWATA
IWATAKI
IWATANI
IWATATE
IWATE
IWATO
IWATSU
IWATSUBO
IWATSUKI
IWATSURU
IWAWAKI
IWAYAMA
IWAZAWA
IWO
IWOHARA
IWORI
IWSAKI
IYAMA
IYEKI
IYEMURA
IYENAGA
IYOYA
IZAWA
IZU
IZUHARA
IZUI
IZUKA
IZUKAWA
IZUMI
IZUMIDA
IZUMIGAWA
IZUMITA
IZUMIZAKI
IZUMO
IZUNO
IZUO
IZUSHITA
IZUTA
IZUTSU
JAMAUCHI
JENIYE
JIKE
JINBO
JINDE
JINGUJI
JINKA
JINKAWA
JINNAI
JIO
JIOBU
JITODAI
JITSUMYO
JO
JOE
JOFUKU
JOGUCHI
JOKO
JOMANAKA
JONO
JONOKUCHI
JOSHIMA
JOSHIYAMA
JOTO
JOW
JUE
JUMURA
JUTA
JYONO
K1J9Y1M1
K1NAI
K1TO
KA0AHARA
KABA
KABASAWA
KABASHIGAW
KABASHIMA
KABATA
KABAYASHI
KABUMOTO
KADA
KADAMA
KADANI
KADO
KADOGAMA
KADOGUCHI
KADOI
KADOIKE
KADOKAWA
KADOKURA
KADOMATSU
KADOMIYA
KADOMOTO
KADONA
KADONADA
KADONAGA
KADONAKA
KADONO
KADONOGA
KADOSAKI
KADOSHIMA
KADOTA
KADOTANI
KADOWAKI
KADOYA
KADOYAMA
KAGA
KAGAMI
KAGAWA
KAGAYAMA
KAGEHIRO
KAGEMOTO
KAGETA
KAGEURS
KAGEYAMA
KAGIHARA
KAGIMOTO
KAGITANI
KAGIWADA
KAGIYAMA
KAHARA
KAHASHI
KAI
KAIBE
KAIBU
KAICHI
KAIDA
KAIHARA
KAIHATSU
KAII
KAIKE
KAINO
KAISAKI
KAITA
KAITO
KAIZOJI
KAIZUKA
KAIZUMI
KAJI
KAJIHARA
KAJII
KAJIKAMI
KAJIKAWA
KAJIKO
KAJIMA
KAJIMOTO
KAJIMURA
KAJINO
KAJIOKA
KAJITA
KAJITANI
KAJIURA
KAJIWARA
KAJIYA
KAJIYAMA
KAJIZUKA
KAJONAGA
KAKE
KAKEBE
KAKEHASHI
KAKEHI
KAKEMOTO
KAKENOUCHI
KAKIBA
KAKIEDO
KAKIGI
KAKIHARA
KAKIKI
KAKIMARU
KAKIMI
KAKIMOTO
KAKINAMAI
KAKINAMI
KAKINARI
KAKINUMA
KAKISHIBA
KAKISHITA
KAKITA
KAKIUCHI
KAKIUICHI
KAKO
KAKODA
KAKOI
KAKU
KAKUDA
KAKUDO
KAKUGAWA
KAKUI
KAKUMA
KAKUSHIMA
KAKUSHITA
KAKUTA
KAKUTANI
KAKUUCHI
KAMABA
KAMACHI
KAMADA
KAMAE
KAMAGA
KAMAGATSU
KAMAGUCHI
KAMAI
KAMAKI
KAMAMAE
KAMATANI
KAMAYA
KAMAYATSU
KAMAYE
KAMAYO
KAMBARA
KAMBE
KAME
KAMEDA
KAMEGAWA
KAMEGOSHI
KAMEI
KAMEKIYO
KAMEMARU
KAMEMOTO
KAMEO
KAMEOKA
KAMESHIGE
KAMETA
KAMETANI
KAMEYAMA
KAMEZAKI
KAMEZAWA
KAMEZUCHI
KAMI
KAMIBAYASH
KAMIDA
KAMIDAIRA
KAMIDOI
KAMIDOZONO
KAMIFUJI
KAMIGAKI
KAMIGASHIR
KAMIGUCHI
KAMIHANA
KAMIHARA
KAMIJI
KAMIKAWA
KAMIKIDO
KAMIKIHARA
KAMIKUBO
KAMIMAE
KAMIMORI
KAMIMOTO
KAMIMURA
KAMINAE
KAMINAKA
KAMINE
KAMINISHI
KAMINO
KAMINORI
KAMIO
KAMIOKA
KAMIOKE
KAMISAKO
KAMISHITA
KAMITA
KAMITAKI
KAMITANI
KAMITOKA
KAMITSUKA
KAMIURA
KAMIYA
KAMIYAMA
KAMIZIYO
KAMIZONO
KAMO
KAMON
KAMOO
KAMORI
KAMOTO
KAMOUCHI
KAMURA
KAN
KANADA
KANAGA
KANAGAKI
KANAGAWA
KANAGI
KANAI
KANAKI
KANAMARU
KANAME
KANAMEISHI
KANAMINE
KANAMORI
KANAMOTO
KANAOKA
KANASAKI
KANASE
KANASHIKI
KANASHIRO
KANATANI
KANATOGAWA
KANAYA
KANAZAWA
KANBA
KANBARA
KANBAYASHI
KANDA
KANDABASHI
KANEBAYASH
KANECHIKA
KANEDA
KANEGAE
KANEGAI
KANEGAWA
KANEGAYE
KANEHARA
KANEHIRO
KANEI
KANEICHI
KANEISHI
KANEKI
KANEKO
KANEKUNI
KANEMAKI
KANEMARU
KANEMASU
KANEMATSU
KANEMITSU
KANEMORI
KANEMOTO
KANEMURA
KANENAGA
KANENO
KANEOKA
KANEOYA
KANEPOSNI
KANESAKI
KANESHI
KANESHIGE
KANESHIKI
KANESHIMA
KANESHIRO
KANETA
KANETOMI
KANETOMO
KANEYOSHI
KANEYUKI
KANEZAKI
KANI
KANII
KANIYE
KANKI
KANNO
KANO
KANOGAWA
KANOW
KANZAKI
KANZAWA
KARAKANE
KARAKAWA
KARAKI
KARAKICHI
KARAMOTO
KARASAWA
KARATSU
KARIKOMI
KARIMOTO
KARIOKA
KARIYA
KARIYAMA
KARUKAYA
KASA
KASAHARA
KASAI
KASAII
KASAMA
KASAMATSU
KASAMURA
KASANO
KASAOKA
KASE
KASE&UMA
KASEGUMA
KASHI
KASHIHARA
KASHIKI
KASHIMA
KASHINO
KASHITANI
KASHIWABAR
KASHIWADA
KASHIWAGE
KASHIWAGI
KASHIWAHAR
KASHIWAMOT
KASHIWAMUR
KASHIWASE
KASHIYAMA
KASUBUCHI
KASUGA
KASUGAI
KASUKABE
KASUYA
KASUYAMA
KATA
KATADA
KATAGI
KATAGIHARA
KATAGIRI
KATAGIYAMA
KATAHIRA
KATAI
KATAJIMA
KATAKAMI
KATAKAWA
KATAKI
KATAKO
KATAKURA
KATAMOTO
KATANO
KATAOKA
KATASE
KATASHI
KATASHIMA
KATATAYE
KATAURA
KATAYAMA
KATAYANAGI
KATEKARU
KATO
KATO     S
KATOAKA
KATODA
KATOW
KATSU
KATSUBE
KATSUDA
KATSUKI
KATSUMA
KATSUMATA
KATSUMOTO
KATSUMURA
KATSUNO
KATSUO
KATSURA
KATSURO
KATSUYAMA
KATSUYOSHI
KATW
KAUO
KAWA
KAWABATA
KAWABE
KAWABORI
KAWABUCHI
KAWACHI
KAWADA
KAWAFUCHI
KAWAFUNE
KAWAGAI
KAWAGISHI
KAWAGOE
KAWAGOYE
KAWAGUCHI
KAWAGUCHIY
KAWAGUICHI
KAWAHARA
KAWAHARADA
KAWAHATA
KAWAHIRA
KAWAHISA
KAWAI
KAWAICHI
KAWAJI
KAWAJIRI
KAWAKAMI
KAWAKITA
KAWAKO
KAWAKUBO
KAWAMATA
KAWAMINAMI
KAWAMORITA
KAWAMOTO
KAWAMURA
KAWANA
KAWANAGA
KAWANAKA
KAWANAMI
KAWANARI
KAWANE
KAWANISHI
KAWANO
KAWANOUYE
KAWANUMA
KAWAOKA
KAWAOKO
KAWARAGI
KAWARATANI
KAWASAKI
KAWASAWA
KAWASE
KAWASETSU
KAWASHIGE
KAWASHIMA
KAWASHIRI
KAWASOYE
KAWASUMI
KAWATA
KAWATAKE
KAWATE
KAWATO
KAWATSU
KAWAUCHI
KAWAWAKI
KAWAYE
KAWAYOSHI
KAWAZAYE
KAWAZOE
KAWAZOI
KAWAZOYE
KAYA
KAYABARA
KAYAGI
KAYAHARA
KAYAMA
KAYAMOTO
KAYANO
KAYASHIMA
KAYASUGA
KAYO
KAYOKATA
KAYUMI
KAZAHAYA
KAZAMA
KAZAMURA
KAZAOKA
KAZATO
KAZAZO
KAZEYAMA
KAZUMURA
KAZUNAGA
KEBO
KEIKOAN
KEIMI
KEIUNJI
KENISHI
KENMATSU
KENMOTSU
KESAMARU
KIBA
KIBE
KIBI
KICHI
KICHIKAWA
KIDA
KIDANI
KIDO
KIFUNE
KIGA
KIGUCHI
KIHA-A
KIHANA
KIHARA
KIICHIYAMA
KIINO
KIJIMA
KIJITSU
KIKA
KIKAWA
KIKICHI
KIKKAWA
KIKOSHIMA
KIKUCHI
KIKUDA
KIKUDE
KIKUEHI
KIKUGAWA
KIKUMOTO
KIKUMURA
KIKUNAGA
KIKUSHIMA
KIKUTA
KIKUTANI
KIMATA
KIMBALL
KIMII
KIMOTO
KIMU-A
KIMURA
KIMYA
KINAGA
KINASE
KINASHITA
KINBARA
KING
KINISHI
KINIYUKI
KINJO
KINO
KINOMOTO
KINOSHITA
KINOWAKI
KINSANUKI
KINUGASA
KINUYA
KIRA
KIRAOKA
KIRI
KIRIHARA
KIRIMURA
KIRINO
KIRITA
KIRITANI
KIRITO
KIRIU
KIRIYAMA
KISAKA
KISANUKI
KISHABA
KISHABA  Y
KISHI
KISHIBA
KISHIDA
KISHII
KISHIMA
KISHIMOTO
KISHIMURA
KISHISHITA
KISHITA
KISHIUE
KISHIYAMA
KISHIZAWA
KISO
KITA
KITABAYASH
KITADA
KITADANI
KITADE
KITADOKORO
KITAGAINA
KITAGAKI
KITAGANA
KITAGAWA
KITAGUCHI
KITAHARA
KITAHATA
KITAHIRA
KITAJI
KITAJIMA
KITAJO
KITAKI
KITAMARU
KITAMATA
KITAMORI
KITAMOTO
KITAMURA
KITAMURA Y
KITANGI
KITANI
KITANO
KITAOKA
KITASAKI
KITASAKO
KITASHIMA
KITASI
KITASOE
KITATANI
KITAUCHI
KITAURA
KITAYAMA
KITAZAKI
KITAZAWA
KITAZOMI
KITAZONO
KITAZUMI
KITO
KITOHATA
KITOW
KITSUDA
KITSUNAI
KITSUSE
KITTAKA
KIUCHI
KIWATA
KIYA
KIYABU
KIYAM
KIYAMA
KIYAN
KIYASU
KIYOHARA
KIYOHIRO
KIYOI
KIYOKANE
KIYOKAWA
KIYOMI
KIYOMIZU
KIYOMOTO
KIYOMURA
KIYONAGA
KIYONAKA
KIYONO
KIYOSHIMA
KIYOTA
KIYOTAKE
KIYOTO
KIYOTOKI
KIYOTSUKA
KIYOWARA
KIYOZUMI
KIZU
KIZUKA
KKADA
KKI
KLINGSPORE
KNAEKO
KNOSHITA
KO
KO4ANI
KOBA
KOBARA
KOBASHI
KOBASHIGAW
KOBATA
KOBATAKE
KOBAYAHI
KOBAYAKAWA
KOBAYASHI
KOBAYOSHI
KOBO
KOBORI
KOBOYASHI
KOBUCHI
KOBUKATA
KOBUKE
KOBUKI
KOBY
KOCHI
KOCHIYAMA
KODA
KODAI
KODAIRA
KODAKARI
KODAMA
KODANI
KODARA
KODASHIRO
KODO
KODONI
KOFU
KOFUJI
KOFUKADA
KOGA
KOGAMI
KOGANE
KOGANEMARU
KOGANO
KOGE
KOGISO
KOGITA
KOGURA
KOHAGI
KOHAGURA
KOHAMA
KOHARA
KOHASHI
KOHATA
KOHATSU
KOHAYA
KOHIGASHI
KOHNO
KOI
KOIDA
KOIDE
KOIKE
KOISHI
KOITABASHI
KOIWAI
KOIZUMI
KOJA
KOJAKU
KOJIMA
KOJIMOTO
KOJIRO
KOJO
KOKADO
KOKAWA
KOKEN
KOKETSU
KOKKA
KOKUBO
KOKUBON
KOKUBU
KOKUBUN
KOKUDA
KOKUGA
KOKURA
KOKUZO
KOMACHI
KOMACHIYA
KOMADA
KOMAE
KOMAI
KOMAKI
KOMARU
KOMATSU
KOMATSUBAR
KOMATSUKA
KOMATSUZAK
KOMATZU
KOMAZAWA
KOMETANI
KOMIKADO
KOMINAMI
KOMINE
KOMITSUKA
KOMIYA
KOMIYAMA
KOMODA
KOMORI
KOMORITA
KOMORIYA
KOMORO
KOMOTO
KOMURA
KOMURE
KOMURO
KON
KONAMI
KONATSU
KONDA
KONDO
KONE
KONII
KONISHI
KONMA
KONMAN
KONNO
KONO
KONOMI
KONOSHIMA
KONOSU
KONTANI
KONYA
KONZO
KOOCHIYAMA
KOOMOTO
KOONO
KORA
KOREHIRO
KOREKIYO
KOREMATSU
KORENAGA
KORESAWA
KORI
KORIN
KORIYAMA
KORO
KORODA
KOSADA
KOSAHARA
KOSAI
KOSAKA
KOSAKADA
KOSAKAI
KOSAKO
KOSAKU
KOSAKURA
KOSASA
KOSEKI
KOSHA
KOSHIBA
KOSHIMIZU
KOSHIN
KOSHINO
KOSHIYAMA
KOSOBAYASH
KOSUGA
KOSUGI
KOTABE
KOTAKA
KOTAKE
KOTANI
KOTARI
KOTO
KOTOKU
KOTOSHIROD
KOTOW
KOTSUBO
KOUCHI
KOUNO
KOURA
KOW
KOWAKI
KOWASE
KOWATA
KOWATSU
KOWTA
KOYAMA
KOYAMATSU
KOYANAGI
KOYANGI
KOYANO
KOYASAKO
KOYASHI
KOYASU
KOZAI
KOZAIKU
KOZAKI
KOZAKURA
KOZASA
KOZAWA
KOZEN
KOZENI
KOZONO
KOZU
KOZUGE
KOZUKI
KOZUMA
KOZUMI
KUBA
KUBO
KUBOCHI
KUBOKAWA
KUBOMOTO
KUBONAGA
KUBOSE
KUBOSHIGE
KUBOSHIMA
KUBOTA
KUBOTERA
KUBOTSU
KUBOW
KUBOYAMA
KUDARI
KUDO
KUDOW
KUGA
KUGE
KUIDA
KUJAMA
KUJI
KUJOHARA
KUJORO
KUKI
KUMADA
KUMAGAI
KUMAI
KUMAKI
KUMAKURA
KUMAMARU
KUMAMOTA
KUMAMOTO
KUMANARU
KUMANO
KUMASAKA
KUMASAKI
KUMASAWA
KUMASHIRO
KUMATA
KUMATAKA
KUMATORI
KUMAZAWA
KUME
KUMEKAWA
KUMONO
KUMSAHIRO
KUMURA
KUNEMOTO
KUNIBE
KUNICHIKA
KUNIEDA
KUNIHARA
KUNIHIRO
KUNIHISA
KUNII
KUNIMASA
KUNIMATSU
KUNIMITSU
KUNIMORI
KUNIMOTO
KUNIMURA
KUNIOKA
KUNISADA
KUNISAKI
KUNISAWA
KUNISHI
KUNISHIGE
KUNISHIGI
KUNISHIMA
KUNISUYE
KUNITA
KUNITAKE
KUNITANI
KUNITOMI
KUNITOMO
KUNITSUGU
KUNIYOSHI
KUNIYUKI
KUNIZAWA
KUNO
KUNUGI
KURA
KURABAYASH
KURACHI
KURAHARA
KURAHASHI
KURAKAKE
KURAKANE
KURAKAZU
KURAKUSU
KURAMATSU
KURAMITSU
KURAMOTO
KURANAGA
KURANISHI
KURANKANE
KURANO
KURAOKA
KURASAKI
KURASHIGE
KURASHIMA
KURASHITA
KURATA
KURATANI
KURATO
KURATOMI
KURAUCHI
KURAYA
KURAZAWA
KUREBAYASH
KUREMOTO
KURHIARA
KURIBAYASH
KURIHARA
KURIKI
KURIMA
KURIMOTO
KURIMURA
KURINO
KURIOWA
KURISAKI
KURISU
KURITA
KURITSUBO
KURITSUKA
KURIUWA
KURIYAMA
KURMOTO
KURODA
KUROGI
KUROISHI
KUROIWA
KUROKAWA
KUROKI
KUROKO
KUROMI
KUROMIYA
KUROMIZU
KUROMOCHI
KUROOKA
KUROSA
KUROSAKA
KUROSAKI
KUROSAWA
KUROSE
KUROSU
KUROSUMI
KUROTA
KUROTERI
KUROTORI
KUROTSUCHI
KUROYAMA
KUROYE
KUROZUMI
KURUI
KURUMA
KURUMAJI
KURUSHIMA
KUSABA
KUSACHI
KUSADA
KUSAKA
KUSAKABE
KUSAKAI
KUSAMA
KUSAMURA
KUSANAGI
KUSANO
KUSATAKE
KUSATANI
KUSAYANAGI
KUSE
KUSHI
KUSHIDA
KUSHIGEMAC
KUSHINO
KUSHIYAMA
KUSIAN
KUSUDA
KUSUDO
KUSUI
KUSUMI
KUSUMINE
KUSUMOTO
KUSUNOKI
KUSUNOSE
KUSUTANI
KUSUYANAGI
KUTSUMA
KUWABARA
KUWADA
KUWADA   T
KUWAGOE
KUWAHARA
KUWAHATA
KUWAKI
KUWAMOTO
KUWANO
KUWASAKI
KUWASHIGE
KUWASHIMA
KUWATA
KUWATANI
KUWATSURU
KUWAYAMA
KUYAMA
KUZE
KUZOJI
KUZUHARA
KWAMOTO
KWOK
KYOGOKU
KYONO
KYOSAI
KYOTANI
KYOTO
LEE
LENNOX
LGUCHI
LINDSAY
LOI
M KAYAMA
M&0UKAMI
MA SUYAMA
MABUCHI
MACHIDA
MACHIGASHI
MACHINO
MADA
MADOHARA
MADOKORO
MAEBORI
MAEDA
MAEDE
MAEGAWA
MAEGOTO
MAEHARA
MAEJI
MAEKAWA
MAEMURA
MAENO
MAESAKO
MAESHIBA
MAESHIMA
MAESHIRO
MAEYAMA
MAEZONO
MAFUNE
MAGARA
MAGATA
MAGOTA
MAGUCHI
MAIDA
MAJI
MAKABE
MAKAMURA
MAKATSUKA
MAKAYA
MAKAYAMA
MAKAYU
MAKI
MAKIHARA
MAKIMOTO
MAKINO
MAKISHIMA
MAKITA
MAKIYAMA
MAKUTA
MAKUUCHI
MAMBOW
MAMEDA
MAMETSUKA
MAMIYA
MAMIZUKA
MAMURA
MANABE
MANAGO
MANAKA
MANBO
MANBOW
MANDAI
MANIWA
MANJI
MANMOTO
MANNARI
MANO
MANSFIELD
MANSHIO
MANSHO
MARAI
MARSUMOTO
MARUBASHI
MARUBAYASH
MARUBAYOSH
MARUHASHI
MARUI
MARUKI
MARUKO
MARUMO
MARUMOTO
MARUNO
MARUOKA
MARUOMOTO
MARUSE
MARUTA
MARUTANI
MARUTO
MARUY MA
MARUYA
MARUYAMA
MASADA
MASAGATANI
MASAI
MASAKANE
MASAKAWA
MASAKI
MASAMITSU
MASAMORI
MASAMOTO
MASAOKA
MASATANI
MASATO
MASATOKI
MASEBE
MASHIHARA
MASHIKO
MASHINO
MASU
MASUAKA
MASUDA
MASUGI
MASUHARA
MASUI
MASUKANE
MASUKAWA
MASUKO
MASUMA
MASUMIYA
MASUMOTO
MASUMURA
MASUNAGA
MASUNAKA
MASUNO
MASUO
MASUOKA
MASUOKO
MASUSHIGE
MASUTANI
MASUTO
MASUURA
MASUYAMA
MASUYUKI
MASUZUMI
MATAGA
MATAYOSHI
MATO
MATOBA
MATOI
MATONO
MATOYASU
MATSHKANE
MATSHUSHIT
MATSUBA
MATSUBARA
MATSUBAYAS
MATSUBU
MATSUDA
MATSUDAIRA
MATSUDO
MATSUEDA
MATSUFUJI
MATSUHARA
MATSUHIRA
MATSUHIRO
MATSUHISA
MATSUHITA
MATSUI
MATSUISHI
MATSUKADO
MATSUKAGE
MATSUKANE
MATSUKANR
MATSUKAWA
MATSUKI
MATSUKIYO
MATSUKUMA
MATSUMI
MATSUMIYA
MATSUMONJI
MATSUMORI
MATSUMOT
MATSUMOTO
MATSUMRA
MATSUMUNE
MATSUMURA
MATSUMURUA
MATSUNAGA
MATSUNAGNA
MATSUNAKA
MATSUNAMI
MATSUNE
MATSUNO
MATSUO
MATSUOKA
MATSUSAKA
MATSUSAKI
MATSUSAWA
MATSUSHIGE
MATSUSHIMA
MATSUSHINO
MATSUSHITA
MATSUTAKA
MATSUTAKE
MATSUTANI
MATSUTSUYU
MATSUUCHI
MATSUURA
MATSUYAMA
MATSUYOSHI
MATSUZAKI
MATSUZAWA
MATSUZUKI
MATUDA
MATUSI
MATUSMOTO
MATUSMURA
MAWATARI
MAYA
MAYAHARA
MAYAMA
MAYANISHI
MAYE
MAYEBA
MAYEBO
MAYEBORI
MAYED1A
MAYEDA
MAYEHARA
MAYEKAWA
MAYEMURA
MAYENO
MAYESHIBA
MAYESHIBO
MAYESHIMA
MAYETANI
MAYEWAKI
MAYUMI
MAZOI
MEGURO
MEITOKU
MEKATA
MENDA
MENO
MERA
MI0UTANI
MIBU
MICHIDA
MICHIDOI
MICHIGAMI
MICHIHARA
MICHIHIRA
MICHIKAMI
MICHINAKA
MICHISAKI
MICHISOYE
MICHIUYE
MICHIYE
MIDO
MIDORI
MIDOSHIMA
MIDZUNO
MIFUNE
MIGAKI
MIGAMOTO
MIGITA
MIGOTA
MIGUCHI
MIGUNO
MIHARA
MIHO
MII
MIIKE
MIKAIHATA
MIKAMI
MIKAMO
MIKANI
MIKASA
MIKASE
MIKATA
MIKAWA
MIKI
MIKUNI
MIKURIYA
MIMAKI
MIMBU
MIMURA
MINABE
MINAGAWA
MINAKAMI
MINAKATA
MINAKAWA
MINAMI
MINAMIBATA
MINAMIDE
MINAMIGUCH
MINAMIJI
MINAMIKI
MINAMIZATO
MINAMOTO
MINANO
MINATA
MINATANI
MINATO
MINATOYA
MINAZUMI
MINE
MINEKAWA
MINEMA
MINEMOTO
MINEMURA
MINESAKI
MINETA
MINO
MINODA
MINOMI
MINOMIYA
MINOURA
MINOWA
MIO
MIRATA
MIRIKATANI
MIRIKITANI
MIROMOTO
MISAKA
MISAKI
MISAKU
MISAWA
MISHIMA
MISHIRO
MISHITA
MISONO
MISU
MISUMA
MISUMI
MITA
MITAMURA
MITANI
MITARAI
MITO
MITOBE
MITOKAWA
MITOMA
MITOOKA
MITORI
MITRUDA
MITSUDA
MITSUDO
MITSUEDA
MITSUHARA
MITSUHASHI
MITSUHATA
MITSUHIRO
MITSUI
MITSUKANE
MITSUMA
MITSUMASU
MITSUMORI
MITSUMUNE
MITSUNAGA
MITSUNO
MITSUOKA
MITSUTA
MITSUTOME
MITSUUCHI
MITSUYAKI
MITSUYASU
MITSUYOSHI
MITTWER
MIURA
MIWA
MIYA
MIYABAYASH
MIYABE
MIYADA
MIYADE
MIYAGAWA
MIYAGI
MIYAGISHIM
MIYAGUCHI
MIYAGUSUKU
MIYAHARA
MIYAHATA
MIYAHIRA
MIYAI
MIYAJI
MIYAJIMA
MIYAKAWA
MIYAKE
MIYAKI
MIYAKO
MIYAKODA
MIYAKOSHI
MIYAKUSU
MIYAMA
MIYAMORI
MIYAMOT
MIYAMOTE
MIYAMOTO
MIYAMURA
MIYANAGA
MIYANISHI
MIYANO
MIYANOHANA
MIYANURA
MIYAO
MIYAOKA
MIYASAKA
MIYASAKI
MIYASAKO
MIYASATO
MIYASAWA
MIYASHIMA
MIYASHIRO
MIYASHITA
MIYATA
MIYATAKE
MIYAUCHI
MIYAWAKI
MIYAYA
MIYAZAKI
MIYAZAWA
MIYAZONO
MIYEMATSU
MIYENO
MIYODA
MIYOSHI
MIYOTA
MIZATO
MIZAWA
MIZO
MIZOBE
MIZOGACHI
MIZOGUCHI
MIZOKAMI
MIZOKAWA
MIZOMOTO
MIZONO
MIZOTA
MIZOTE
MIZOUE
MIZUE
MIZUFUKA
MIZUFUNE
MIZUGUCHI
MIZUHARA
MIZUHATA
MIZUI
MIZUIRE
MIZUKAMI
MIZUKI
MIZUMA
MIZUMORI
MIZUMOTO
MIZUNO
MIZUO
MIZUSAKA
MIZUSAKI
MIZUSAWA
MIZUSHIMA
MIZUTA
MIZUTANI
MMIURA
MMRI
MO GUCHI
MOCHIDA
MOCHIDA  I
MOCHIGASE
MOCHINAGA
MOCHIZUKI
MOGAMI
MOGI
MOHRI
MOJI
MOJIRI
MOKUDA
MOMII
MOMITA
MOMODA
MOMOI
MOMOKI
MOMONO
MOMONOI
MOMOSE
MONDE
MONDEN
MONJI
MONMA
MONOBE
MONROE
MONZAI
MONZEN
MONZUTSU
MOORI
MOREY
MORI
MORIE
MORIGUCHI
MORIHARA
MORIHATA
MORIHIRO
MORIHISA
MORII
MORIIOKA
MORIKADO
MORIKAMI
MORIKAWA
MORIKI
MORIKUMI
MORIKUNI
MORIMASU
MORIMI
MORIMITSU
MORIMIZU
MORIMOTO
MORIMUNE
MORIMURA
MORINAGA
MORINAKA
MORINISHI
MORINO
MORIO
MORIOKA
MORISAKI
MORISATO
MORISAWA
MORISHIGE
MORISHIMA
MORISHITA
MORISO
MORITA
MORITAKA
MORITAKE
MORITANI
MORITOMO
MORITSUKA
MORIUCHI
MORIWAKE
MORIWAKI
MORIYA
MORIYAMA
MORIYASU
MORIZAWA
MORIZONO
MORIZORO
MORIZUMI
MORODOMI
MOROFUJI
MOROHOSHI
MOROISATO
MOROMISATO
MOROOKA
MOROTO
MOROTOMI
MOROZUMI
MORRI
MORUZUMI
MORZORO
MOSQUEDA
MOTANAGA
MOTEKI
MOTO
MOTOBO
MOTODA
MOTODANI
MOTOHIRO
MOTOIKE
MOTOISHI
MOTOKANE
MOTOKI
MOTOMATSU
MOTOMI
MOTOMURA
MOTONAGA
MOTONARI
MOTONOMI
MOTOOKA
MOTOTANI
MOTOWAKI
MOTOYA
MOTOYAMA
MOTOYASU
MOTOYOSHI
MOTOZAKI
MOTSUOKA
MOURI
MOUTRAY
MOYER
MOYOYOSHI
MOZEKI
MSHIMIZU
MUI
MUIRA
MUJAJI
MUJASAKI
MUKAE
MUKAEDA
MUKAI
MUKAIDA
MUKAIDO
MUKAIHATA
MUKAINAKA
MUKASA
MUKAYE
MUKODA
MUKOGAWA
MUKOYAMA
MUKUMOTO
MUKUNO
MUKUSHIMA
MUMEHARA
MUNAKATA
MUNE
MUNEHIRA
MUNEHIRO
MUNEKATA
MUNEKAWA
MUNEKIYO
MUNEMITSU
MUNEMORI
MUNEMOTO
MUNEMURA
MUNENO
MUNESATO
MUNETA
MUNETSUGU
MUNEYASU
MURA
MURAGISHI
MURAHASHI
MURAI
MURAKAMI
MURAKANI
MURAKAWA
MURAKI
MURAKISHI
MURAKITA
MURAKOSHI
MURAMATSU
MURAMOTO
MURANAGA
MURANAKA
MURANISHI
MURANO
MURAO
MURAOKA
MURASAKI
MURASE
MURASHIGE
MURASHIMA
MURATA
MURATAKE
MURATANI
MURATO
MURAYAMA
MURAZEN
MURIKITA
MURO
MUROAKA
MUROGA
MUROI
MUROKITA
MUROMOTO
MURONAKA
MUROSAKI
MUROTA
MUROTANI
MUROTO
MUROTSUNE
MUROZAKI
MUSASHI
MUSHIAKE
MUSHIAKI
MUTA
MUTAGUCHI
MUTO
MUTON
MUTOW
MUYAMOTO
MUZUKAMI
MYACHIN
MYORAKU
MYOSE
N&TTA
N--U-A
N1K1U3HI
NA ATANI
NA-E
NA7AHIRO
NABARA
NABATA
NABESHIMA
NABETA
NADA
NADABAYASH
NADABYASHI
NADAOKA
NAEMURA
NAGADA
NAGAE
NAGAFUCHI
NAGAFUJI
NAGAHAMA
NAGAHARA
NAGAHASHI
NAGAHIRO
NAGAHISA
NAGAHORI
NAGAI
NAGAII
NAGAISHI
NAGAKARI
NAGAKURA
NAGAMATSU
NAGAMI
NAGAMINE
NAGAMORI
NAGAMOTO
NAGAMURA
NAGANAWA
NAGANO
NAGANUMA
NAGAO
NAGAOKA
NAGAORA
NAGARE
NAGAREDA
NAGARO
NAGASAKA
NAGASAKI
NAGASAKO
NAGASAWA
NAGASE
NAGASHIKI
NAGASHIMA
NAGASUGI
NAGASUMI
NAGATA
NAGATANI
NAGATO
NAGATOISHI
NAGATOMI
NAGATOMO
NAGATOSHI
NAGATSUKA
NAGATSUYU
NAGAWASA
NAGAYA
NAGAYAMA
NAGEL
NAGOH
NAGOSHI
NAGUMO
NAGURA
NAIDE
NAIKI
NAITO
NAJIMA
NAKA
NAKAARAI
NAKABA
NAKABASAMI
NAKABAYASH
NAKABE
NAKACAMI
NAKACHI
NAKADA
NAKADACHI
NAKADAIRA
NAKADATE
NAKADE
NAKADEGAWA
NAKADOI
NAKADORI
NAKAE
NAKAGAKI
NAKAGAMA
NAKAGAMI
NAKAGANA
NAKAGAWA
NAKAGAWARA
NAKAGI
NAKAGIRI
NAKAGUCHI
NAKAGUMA
NAKAGURO
NAKAHA
NAKAHA-A
NAKAHAMA
NAKAHARA
NAKAHARADA
NAKAHATA
NAKAHIRA
NAKAHIRO
NAKAI
NAKAISHI
NAKAIYE
NAKAJI
NAKAJIMA
NAKAJO
NAKAKI
NAKAKIHARA
NAKAMA
NAKAMAE
NAKAMAKI
NAKAMARU
NAKAMICHI
NAKAMINE
NAKAMITSU
NAKAMIZO
NAKAMORI
NAKAMOTO
NAKAMRURA
NAKAMURA
NAKAMURA S
NAKAMURO
NAKANDAKAR
NAKANE
NAKANICHI
NAKANISHI
NAKANO
NAKAO
NAKAOKA
NAKAOKI
NAKASA
NAKASAKI
NAKASAKO
NAKASATO
NAKASAWA
NAKASE
NAKASH&MA
NAKASHIBA
NAKASHIGE
NAKASHIKI
NAKASHIMA
NAKASHIMAD
NAKASHIMO
NAKASHIOYA
NAKASHITA
NAKASHOJI
NAKASO
NAKASOME
NAKASONE
NAKASORA
NAKASUJI
NAKASUMI
NAKATA
NAKATANI
NAKATOGAWA
NAKATOMI
NAKATONI
NAKATSU
NAKATSUGAW
NAKATSUI
NAKATSUKA
NAKATSUKAR
NAKATSUKAS
NAKATSUKE
NAKATSUMA
NAKATSUMI
NAKATSURU
NAKAUCHI
NAKAWAKI
NAKAWATASE
NAKAYA
NAKAYADO
NAKAYAMA
NAKAYANA
NAKAYASHIK
NAKAYASU
NAKAYU
NAKAZAKI
NAKAZATO
NAKAZAWA
NAKAZONO
NAKAZORO
NAKESAKO
NAKNGAWA
NAKNTANI
NAKO
NAKSHIMA
NAMADZUE
NAMATAME
NAMBA
NAMBU
NAMEKATA
NAMEKAWA
NAMERA
NAMIKAWA
NAMIKI
NAMIMATSU
NAMIMOTO
NAMIYOSHI
NAMURA
NANAMURA
NANBA
NANBU
NANCHI
NANJO
NANTO
NANYA
NAO
NAOE
NAOHARA
NAOYE
NARA
NARAHARA
NARAMURA
NARASAKI
NARIHIRA
NARIKAWA
NARIKE
NARIMARSU
NARIMATSU
NARITA
NARITOKU
NARITOMI
NARIYOSHI
NARUISHI
NARUKAMI
NARUKO
NARUMI
NARUMIYA
NARUO
NARUSE
NARUTO
NASHIMOTO
NASU
NATATANI
NATO-I
NATORI
NATSUHARA
NATSUME
NATSUMEDA
NAWA
NAWAMURA
NAWATA
NAYDO
NEDZU
NEENO
NEGASHIKI
NEGATA
NEGI
NEGISHI
NEGORO
NEHIRA
NEISHI
NEIWA
NEKOBA
NEKOMOTO
NEKONISHI
NEKOTA
NEKOTANI
NEMOTO
NENASHI
NERIO
NESHIMURA
NEYAMA
NEZU
NIEDA
NIGO
NIGORIZAWA
NIGUMA
NIHARA
NIHEI
NIHO
NII
NIIDA
NIIGATA
NIIHARA
NIIKA
NIIKE
NIIMI
NIIMOTO
NIINA
NIINO
NIIOKA
NIIORI
NIIRO
NIISATO
NIISEKI
NIITSUMA
NIIYA
NIIYAMA
NIIZAWA
NIIZUMA
NIJI
NIKAIDO
NIKAITANI
NIKAMI
NIKI
NIKUMA
NIKUNI
NIMOMIYA
NIMORI
NIMURA
NINO
NINOKATA
NINOKAWA
NINOMIYA
NINOMIYAMA
NINOMURA
NIRASAWA
NISH&YAMA
NISHAKAWA
NISHI
NISHIBATA
NISHIBAYAS
NISHIBORI
NISHIDA
NISHIDE
NISHIGAKI
NISHIGUCHI
NISHIHAMA
NISHIHARA
NISHIHAWA
NISHIHORA
NISHII
NISHIJIMA
NISHIKADO
NISHIKAGE
NISHIKAI
NISHIKATA
NISHIKAWA
NISHIKI
NISHIKIDO
NISHIKIORI
NISHIKUBO
NISHIKWA
NISHIMA
NISHIMAKI
NISHIMATSU
NISHIMI
NISHIMINE
NISHIMORI
NISHIMOTO
NISHIMURA
NISHIMURO
NISHINA
NISHINAGA
NISHINAKA
NISHINO
NISHINOOUC
NISHINOUCH
NISHIO
NISHIOKA
NISHIOKI
NISHISAKA
NISHISAKI
NISHISEKI
NISHITA
NISHITANI
NISHITE
NISHIURA
NISHIUYE
NISHIWAKI
NISHIYAMA
NISHIYORI
NISHIZAKA
NISHIZAKI
NISHIZAWA
NISHIZONO
NISHIZU
NITA
NITAHARA
NITAHORA
NITAKE
NITAO
NITASAKA
NITTA
NIUCHY
NIURA
NIWA
NIXHIMURA
NIYAGAWA
NIZATO
NKAKMURA
NO-IHARA
NO-U-A
NOBATA
NOBAYASHI
NOBE
NOBIRA
NOBOKU
NOBORI
NOBORIO
NOBUHIRO
NOBUKU
NOBUKUNI
NOBUSADA
NOBUSO
NOBUSUYE
NOBUTO
NOBUYAMA
NOBUYE
NOBUYUKI
NODA
NODOHARA
NODOMI
NOGAKI
NOGAMI
NOGAWA
NOGUCHI
NOGUSA
NOHARA
NOHIRA
NOJI
NOJIMA
NOJIRI
NOKAMURA
NOMA
NOMACHI
NOMAGUCHI
NOMASA
NOMI
NOMIYA
NOMIYAMA
NOMOTO
NOMU-A
NOMURA
NONAKA
NONOGUCHI
NONOMIYA
NONOMURA
NONOSHITA
NORIHARA
NORIHIRO
NORIKANE
NORIKIYO
NORIMATSU
NORIO
NORISADA
NORISHITA
NORISUYE
NORITA
NORITAKE
NORIWAKI
NORIYE
NORO
NOSAKA
NOSAY
NOSE
NOSHIMA
NOSHO
NOSUKA
NOTO
NOTOMI
NOUCHI
NOYORI
NOYOSHI
NOZAKA
NOZAKI
NOZAWA
NOZAWA   H
NOZUKA
NOZUMI
NUIBE
NUKADA
NUKAGAWA
NUKAYA
NUKUI
NUKUSHINA
NUKUTO
NUMA
NUMAJIRI
NUMAMOTO
NUMANAMI
NUMASA
NUMATA
NUMOTO
NUNO
NUNOKAWA
NUNOME
NUNOTANI
NURAKAMI
NUSABA
O0AMA
O0E
O0UG&
OAKBE
OANA
OASTLER
OBA
OBAN
OBANA
OBARA
OBASHI
OBATA
OBATAKE
OBAYASHI
OBAZAWA
OBE
OBI
OBIKANE
OBUBO
OCHI
OCHIAI
OCHIKA
OCHIKUBO
OCHIYE
OCHIYO
OD
ODA
ODACHI
ODAGAWA
ODAGIRI
ODAHARA
ODAKA
ODAMA
ODAMOTO
ODANAKA
ODANI
ODANO
ODASHIMA
ODATE
ODAWARA
ODO
ODOI
OEKAWA
OGA
OGAMA
OGAMI
OGANEKU
OGASAWARA
OGATA
OGAWA
OGI
OGIHARA
OGIMACHI
OGIMURA
OGINO
OGISAKA
OGISHIMA
OGISO
OGITA
OGITANI
OGO
OGOHARA
OGOMORI
OGOW
OGOWA
OGUCHI
OGURA
OGURI
OGUSHI
OGUSUKU
OHAMA
OHARA
OHASHI
OHATA
OHI
OHIGASHI
OHIKI
OHIRA
OHKA
OHKI
OHMAYE
OHMOTO
OHMURA
OHNO
OHNOKI
OHOI
OHONO
OHORI
OHTA
OHTAKI
OHTANI
OHTONO
OHWADA
OHYA
OHYE
OI
OIDA
OIKAWA
OIKE
OISHI
OITA
OIWA
OIWAKE
OIYE
OIZUMI
OJI
OJIMA
OJIRI
OKA
OKABATA
OKABAYASHI
OKABE
OKABEPPU
OKADA
OKADO
OKAGAKI
OKAHANA
OKAHARA
OKAHASHI
OKAHATA
OKAHIRA
OKAHIRO
OKAI
OKAJIMA
OKAJMA
OKAMATSU
OKAMI
OKAMIDA
OKAMORA
OKAMOTO
OKAMURA
OKAMURO
OKANA
OKANE
OKANEKO
OKANISHI
OKANO
OKANOUYE
OKASAKI
OKASAWA
OKASHIMA
OKATA
OKAUCHI
OKAWA
OKAWACHI
OKAWARA
OKAWAUCHI
OKAYA
OKAYAMA
OKAZAKI
OKAZAWA
OKAZSKI
OKEGAWA
OKEMOTO
OKEYA
OKI
OKIDA
OKIDATE
OKIDO
OKIDOI
OKIE
OKIHAMA
OKIHARA
OKIKAWA
OKIMI
OKIMOTO
OKIMURA
OKINA
OKINAGA
OKINAKA
OKINE
OKINO
OKITA
OKITSU
OKIURA
OKIYAMA
OKIZAKI
OKOCHI
OKOHIRA
OKONOGI
OKU
OKUBA
OKUBARA
OKUBAYASHI
OKUBO
OKUDA
OKUGAWA
OKUHARA
OKUI
OKUJI
OKUMA
OKUMOTO
OKUMURA
OKUNA
OKUNO
OKUNO DR
OKURA
OKURO
OKUSA
OKUSAKO
OKUSHIBA
OKUSU
OKUTANI
OKUTSU
OKUYAMA
OKUYE
OMACHI
OMAI
OMAKI
OMARU
OMATA
OMATSU
OMAYE
OMI
OMINE
OMIYA
OMOKAWA
OMORI
OMOTANE
OMOTANI
OMOTE
OMOTO
OMURA
ONA
ONAGA
ONAKA
ONAMI
ONCHI
ONDO
ONE
ONGA
ONIKI
ONISHI
ONITSUKA
ONIZUKA
ONO
ONODA
ONODERA
ONOHARA
ONOMICHI
ONOMIYA
ONOTERA
ONOUE
ONOUYE
ONOYAMA
ONOYE
ONUMA
OOKA
ORIBA
ORIDA
ORIDE
ORIGUCHI
ORIKUCHI
ORIMOTO
ORISHIGE
ORITA
ORITE
OS G&
OS M&
OS0G&
OS0MI
OSA
OSADA
OSAJIMA
OSAKA
OSAKADA
OSAKI
OSAKO
OSAKU
OSARI
OSASA
OSATO
OSAWA
OSEDO
OSETO
OSHIBA
OSHIDA
OSHIDARI
OSHIGE
OSHIKA
OSHIKI
OSHIMA
OSHIMO
OSHINOMI
OSHIO
OSHIRO
OSHITA
OSONO
OSORA
OSUG&
OSUGA
OSUGI
OSUKA
OSUM&
OSUMI
OT0UKA
OT1NI
OTA
OTAGAKI
OTAGIRI
OTAGURO
OTAI
OTAKA
OTAKE
OTAKI
OTAMURA
OTANI
OTAYA
OTERA
OTO
OTOFUJI
OTOI
OTOIDE
OTOMARU
OTOMO
OTOMORI
OTOSHI
OTOW
OTSU
OTSUBA
OTSUBO
OTSUJI
OTSUKA
OTSUKI
OTSUSHIMA
OUCHI
OUCHIDA
OUICHI
OUNE
OURA
OUTA
OUYA
OUYE
OWADA
OWAKI
OWASHI
OWAWA
OY&
OYA
OYA      7
OYABE
OYABU
OYAKAWA
OYAMA
OYAMADA
OYANAGI
OYE
OYENOKI
OYENOKO
OZ&K&
OZAKI
OZAMOTO
OZASA
OZAWA
OZEKI
OZIMA
OZONE
OZONO
OZU
PALEA
PARR
PARTENO
PEGGOTT
PEREZ
POWER
RAI
RATA
RECORD
RENGE
REQUILMAN
RIKAWA
RIKIICHI
RIKIMARU
RINDA
RISHIGE
RITCHIE
RIU
RIUJIN
RIUKO
RIUSAKI
RIYOKIN
RIYU
ROBINO
ROKU
ROKUTA
ROKUTANI
ROMERO
ROPPIYAKUD
RUMOTO
RYONO
RYOZAKI
RYUGO
RYUTO
S&&MA-U
SABUROMARU
SABUSAWA
SADA
SADAHIRO
SADAI
SADAKANE
SADAMASA
SADAMORI
SADAMOTO
SADAMUNE
SADAMURA
SADANAGA
SADAO
SADATAKE
SADATAKI
SADO
SAEKI
SAGA
SAGAMI
SAGARA
SAGATA
SAGAUCHI
SAGAWA
SAGIMA
SAGIMORI
SAGISAKA
SAGO
SAGUCHI
SAHARA
SAHASHI
SAI
SAIBARA
SAIDA
SAIGO
SAIGUSA
SAIJO
SAIK&
SAIKA
SAIKI
SAIKU
SAIMOTO
SAIRYO
SAISHE
SAISHO
SAISHYO
SAITA
SAITO
SAITO    A
SAITOW
SAJI
SAKA
SAKABE
SAKABU
SAKADA
SAKAE
SAKAEDA
SAKAGAMI
SAKAGAWA
SAKAGUCHI
SAKAHARA
SAKAHIRA
SAKAI
SAKAIDA
SAKAISHI
SAKAIZAWA
SAKAJI
SAKAKI
SAKAKIBARA
SAKAKIHARA
SAKAKUCHI
SAKAKURA
SAKAMAKI
SAKAMATO
SAKAMOTO
SAKANARI
SAKANASHI
SAKANE
SAKANISHI
SAKANIWA
SAKANO
SAKAOKA
SAKASEGAWA
SAKASHITA
SAKATA
SAKATANI
SAKATO
SAKAUCHI
SAKAUE
SAKAUYE
SAKAWYE
SAKAYAMA
SAKAYE
SAKAYEDA
SAKAZAKA
SAKAZAKI
SAKAZUCHI
SAKEGUCHI
SAKEMI
SAKI
SAKIHAMA
SAKIHAME
SAKIHARA
SAKIKAWA
SAKIMOTO
SAKIMURA
SAKIOKA
SAKITA
SAKIYAMA
SAKO
SAKOBE
SAKODA
SAKOEKI
SAKOGAWA
SAKOGUCHI
SAKOHIRA
SAKOI
SAKOMOTO
SAKON
SAKOTA
SAKOW
SAKUDA
SAKUMA
SAKUMOTO
SAKUMURA
SAKURA
SAKURADA
SAKURAGI
SAKURAI
SAKUYAMA
SAKUYE
SALDANA
SAMATA
SAMATO
SAMBEI
SAMEJIMA
SAMESHIMA
SAMESIMA
SAMPEI
SAMURA
SANADA
SANBO
SANBONGI
SANBONMATS
SANDA
SANE
SANEFUGI
SANEHARA
SANEMATSU
SANEMITSU
SANETO
SANEYOSHI
SANGEN
SANJO
SANKI
SANMONJI
SANNOMIYA
SANO
SANSUI
SANTO
SANTOHIGAS
SANUI
SANUKI
SANWO
SAO
SAOKA
SARAGUCHI
SARASHI
SARUWATARI
SARUWATASH
SASA
SASABUCHI
SASACHIKA
SASADA
SASAGAWA
SASAGUCHI
SASAHARA
SASAI
SASAJIMA
SASAKI
SASAMOTO
SASAMURA
SASANO
SASAO
SASAOKA
SASASHIMA
SASE
SASHIDA
SASHIHARA
SASO
SASOO
SASSA
SASUGA
SATA
SATAKE
SATAM
SATO
SATODA
SATOGAMI
SATOH
SATOMI
SATOO
SATOU
SATOW
SATSUKA
SAWA
SAWABE
SAWADA
SAWAHATA
SAWAI
SAWAII
SAWAJI
SAWAMOTO
SAWAMURA
SAWASAKI
SAWATAKI
SAYAMA
SAYANO
SAYEGUSA
SAZAKI
SEBATA
SECHI
SEDOHARA
SEGAWA
SEGI
SEGIMOTO
SEI
SEI-I
SEIDA
SEIJI
SEIKE
SEIKI
SEIMI
SEINO
SEISHO
SEIYAMA
SEKI
SEKIDO
SEKIGAHAMA
SEKIGUCHI
SEKII
SEKIJIMA
SEKIKAWA
SEKIKAWA B
SEKIMACHI
SEKIMORI
SEKIMOTO
SEKIMURA
SEKINE
SEKINO
SEKISHIRO
SEKITANI
SEKIYA
SEKIYAMA
SEKO
SEMBA
SEMI
SEMURA
SENDA
SENO
SENOUYE
SENTACHI
SENZAKI
SEO
SERA
SERATA
SERIGUCHI
SERISAWA
SERIZAWA
SESAKO
SESE
SESHIMO
SETA
SETO
SETOGAWA
SETOGUCHI
SETSUDA
SEWAKI
SEZA
SHIAMURA
SHIBA
SHIBACHI
SHIBAHARA
SHIBAKI
SHIBANAKA
SHIBASAKI
SHIBATA
SHIBATH
SHIBAYAMA
SHIBUKAWA
SHIBUSAWA
SHIBUTA
SHIBUTANI
SHIBUYA
SHIBUYAMA
SHIBUZAWA
SHIDA
SHIDAWARA
SHIDO
SHIGA
SHIGAKI
SHIGAURA
SHIGAYA
SHIGEHARA
SHIGEHIRA
SHIGEHISA
SHIGEI
SHIGEISHI
SHIGEKAWA
SHIGEKI
SHIGEKUNI
SHIGEMASA
SHIGEMATSU
SHIGEMI
SHIGEMICHI
SHIGEMORI
SHIGEMOTO
SHIGEMUNE
SHIGEMURA
SHIGENAKA
SHIGENO
SHIGEOKA
SHIGETA
SHIGETAKE
SHIGETO
SHIGETOME
SHIGETOMI
SHIGEWAKA
SHIGEYASU
SHIGEZANE
SHIGEZUMI
SHIGIHARA
SHIGIO
SHIGUMA
SHIGYO
SHIHATA
SHIIBASHI
SHIIGI
SHIIKE
SHIIKI
SHIINA
SHIINE
SHIINO
SHIIZAKI
SHIJO
SHIKADA
SHIKAKU
SHIKAMI
SHIKAMURA
SHIKANO
SHIKASHO
SHIKATA
SHIKAUCHI
SHIKAZE
SHIKINO
SHIKUMA
SHIKUZAWA
SHIMA
SHIMABUKU
SHIMABUKUR
SHIMADA
SHIMADA  S
SHIMAFUKUR
SHIMAGO
SHIMAHARA
SHIMAJI
SHIMAKAWA
SHIMAKUBO
SHIMAMATSU
SHIMAMOTO
SHIMAMURA
SHIMANAKA
SHIMANE
SHIMANO
SHIMANOUCH
SHIMASAKI
SHIMASHITA
SHIMATSU
SHIMAYAMA
SHIMAZAKI
SHIMAZO
SHIMAZU
SHIMBO
SHIMETANI
SHIMIDZU
SHIMIZA
SHIMIZO
SHIMIZU
SHIMO
SHIMOBAYAS
SHIMOBE
SHIMOBUKUR
SHIMODA
SHIMODOI
SHIMOGAKI
SHIMOHARA
SHIMOHIRA
SHIMOIDE
SHIMOISHIM
SHIMOJI
SHIMOJIMA
SHIMOJIO
SHIMOJO
SHIMOKAJI
SHIMOKAWA
SHIMOKOCHI
SHIMOKON
SHIMOKUBO
SHIMOKUSU
SHIMOMAYE
SHIMOMI
SHIMOMOTO
SHIMOMURA
SHIMONISHI
SHIMONO
SHIMOOKA
SHIMORI
SHIMOSAKA
SHIMOSAKO
SHIMOSE
SHIMOTA
SHIMOTAKAH
SHIMOTANI
SHIMOTO
SHIMOTORI
SHIMOTSU
SHIMOTSUKA
SHIMOYAMA
SHIMOZAKI
SHIMOZAWA
SHIMOZO
SHIMOZONO
SHIMOZUMA
SHIMURA
SHIN
SHINAGANA
SHINAGAWA
SHINBA
SHINBARA
SHINBO
SHINBORI
SHINBUTSU
SHINDE
SHINDEN
SHINDO
SHINGAI
SHINGU
SHINGUCHI
SHINHIRA
SHINJAKU
SHINJI
SHINJO
SHINKAI
SHINKAWA
SHINKE
SHINMEI
SHINMEN
SHINMOTO
SHINN
SHINNO
SHINO
SHINODA
SHINOHARA
SHINOKA
SHINOMIYA
SHINOMO
SHINOMOTO
SHINOSAKI
SHINOWARA
SHINOYAMA
SHINOZAKI
SHINOZUKA
SHINPO
SHINSAKO
SHINSATO
SHINSEKI
SHINTA
SHINTAKU
SHINTANI
SHINTO
SHINYAI
SHINYEDA
SHINZAKI
SHINZATO
SHIO
SHIODA
SHIODE
SHIOGI
SHIOHAMA
SHIOHARA
SHIOJI
SHIOJIGUCH
SHIOKARI
SHIOKATA
SHIOMI
SHIOMICHI
SHIOMOTO
SHIOMURA
SHIONO
SHIONOO
SHIOSAKA
SHIOSAKI
SHIOSHI
SHIOTA
SHIOTANI
SHIOTSU
SHIOTSUKA
SHIOYA
SHIOYAMA
SHIOZAKI
SHIOZAWA
SHIRACHI
SHIRAFUJI
SHIRAGA
SHIRAHAMA
SHIRAHIGE
SHIRAI
SHIRAICHI
SHIRAISHI
SHIRAKAMA
SHIRAKAWA
SHIRAKAWAB
SHIRAKI
SHIRAKIHAR
SHIRAMIZU
SHIRANE
SHIRANO
SHIRAO
SHIRASAGO
SHIRASAKI
SHIRASAWA
SHIRASU
SHIRATSUKI
SHIRAYAMA
SHIRKAWA
SHIRO
SHIROI
SHIROISHI
SHIROKAWA
SHIROMA
SHIROMIZU
SHIROMORI
SHIROMOTO
SHIRONAKA
SHIRONITTA
SHIROTA
SHIROTANI
SHIROTORI
SHIROYAMA
SHIROZONE
SHIROZU
SHISHIDA
SHISHIDO
SHISHIMA
SHISHINO
SHITABA
SHITAKAICH
SHITAKUBO
SHITAMA
SHITAMAE
SHITAMOTO
SHITANDA
SHITANISHI
SHITARA
SHIWA
SHIWO
SHIZUME
SHIZUMURA
SHIZUOKA
SHIZURU
SHODA
SHOGA
SHOGUCHI
SHOHARA
SHOJI
SHOMATSU
SHOMODA
SHOMOJO
SHOMURA
SHONO
SHOSHI
SHOZI
SHR5TAKU
SHUNDO
SHUSHO
SIMIZU
SING
SLOCUM
SNOW
SO
SOBUYE
SODA
SODETANI
SOEDA
SOEJIMA
SOFUYA
SOFUYE
SOGA
SOGABE
SOGAWA
SOGI
SOGIOKA
SOGO
SOITO
SOKA
SOKI
SOMA
SOMEKAWA
SOMEN
SOMEYA
SONE
SONO
SONOBE
SONODA
SONOKAWA
SORA
SORAKUBO
SORAOKA
SORI
SORIKI
SOTOGAI
SOTOMURA
SOTOWA
SOWA
SOWAMURA
SOWKA
SOWMA
SOYAMA
SOYEJIMA
SOYESHIMA
STANICCI
STARR
STEELE
STEPHENSON
STRIPLEN
SUCHIRO
SUDA
SUDO
SUDOKO
SUDOW
SUECHIKA
SUEDA
SUEHARA
SUEHIRO
SUEISHI
SUEKAWA
SUEKI
SUEMATSU
SUEMOTO
SUENAGA
SUENAKA
SUENOBU
SUEOKA
SUETOMI
SUETOMO
SUEYASU
SUGA
SUGAHARA
SUGAHIRO
SUGAI
SUGAMURA
SUGANO
SUGANUMA
SUGASAWA
SUGASAWARA
SUGATA
SUGATANI
SUGAWARA
SUGAYA
SUGENO
SUGETA
SUGI
SUGIDONO
SUGIHARA
SUGII
SUGIKAWA
SUGIMORI
SUGIMOTO
SUGIMURA
SUGINE
SUGINO
SUGIOKA
SUGISAKI
SUGISAWA
SUGISHITA
SUGITA
SUGITACHI
SUGITANI
SUGIUCHI
SUGIURA
SUGIWAKA
SUGIWARA
SUGIYAMA
SUGIZAWA
SUGURO
SUHAMA
SUHARA
SUIGMOTO
SUJISHI
SUJUKI
SUKATA
SUKEKANE
SUKIMOTO
SUKIYE
SUKO
SUMADA
SUMI
SUMIDA
SUMIGAWA
SUMIHARA
SUMIHIRO
SUMII
SUMIMOTO
SUMIMURA
SUMINAGA
SUMINO
SUMIOKA
SUMISAKI
SUMITA
SUMITANI
SUMIYAMA
SUMIYOSHI
SUMIZAWA
SUMOGE
SUNADA
SUNAGA
SUNAGAWA
SUNAGO
SUNAHARA
SUNAIRI
SUNAKODA
SUNAKOTA
SUNAMOTO
SUNATA
SUNAYAMA
SUNIYOSHI
SUNOHARA
SUNOUCHI
SUNUDA
SUO
SURUKI
SURUMOTO
SUSAGANO
SUSAGAWA
SUSAKI
SUSKI
SUSUKI
SUSUMAGO
SUSUMI
SUTO
SUTOH
SUTOW
SUWA
SUWABE
SUWADA
SUYAMA
SUYEDA
SUYEHARA
SUYEHIRO
SUYEISHI
SUYEKAWA
SUYEMASA
SUYEMATSU
SUYEMOTO
SUYENAGA
SUYEOKA
SUYETAKA
SUYETAKE
SUYETANI
SUYETOMI
SUYETSUGU
SUYEYASU
SUZAKA
SUZAKI
SUZAWA
SUZOKA
SUZUI
SUZUKAWA
SUZUKI
SUZUKIDA
SUZUMURA
T GASHI
T UTSUMI
T UTSUMIDA
T UYUKI
TABATA
TABOCHI
TABUCHI
TABUEKI
TABUSA
TABUSE
TACHI
TACHIBANA
TACHIBANS
TACHIHARA
TACHIKAWA
TACHINO
TACHIYAMA
TADA
TADAKUMA
TADAMA
TADAMATSU
TADEMARU
TADEMATSU
TADEMOTO
TADO
TADOKORO
TAFUKU
TAGA
TAGAMI
TAGAMORI
TAGASHI
TAGASHIRA
TAGASHIRO
TAGAWA
TAGAYA
TAGO
TAGOMARI
TAGUCHI
TAGUMA
TAGUMI
TAGUNI
TAGUPA
TAGUWA
TAHARA
TAHATA
TAHIRA
TAI
TAIJI
TAINAKA
TAIRA
TAIYOSHI
TAJII
TAJIKA
TAJIMA
TAJIMI
TAJIRI
TAJITSU
TAKA
TAKABATAKE
TAKABAYASH
TAKADA
TAKADE
TAKAE
TAKAFUJI
TAKAGAKI
TAKAGAMI
TAKAGAWA
TAKAGI
TAKAGISHI
TAKAHA
TAKAHAMA
TAKAHARA
TAKAHASH
TAKAHASHI
TAKAHASI
TAKAHATA
TAKAHIRA
TAKAHISHI
TAKAHO
TAKAI
TAKAICHI
TAKAKASHI
TAKAKAWA
TAKAKI
TAKAKOSHI
TAKAKURA
TAKAKUWA
TAKAMATSU
TAKAMI
TAKAMINE
TAKAMIYA
TAKAMORI
TAKAMOTO
TAKAMUNE
TAKAMURA
TAKANABE
TAKANAGA
TAKANASHI
TAKANISHI
TAKANO
TAKAO
TAKAOKA
TAKARA
TAKARAGAWA
TAKASAGO
TAKASAKA
TAKASAKI
TAKASE
TAKASHI
TAKASHIBA
TAKASHIGE
TAKASHIMA
TAKASHIRO
TAKASUGI
TAKASUKA
TAKASUMI
TAKATA
TAKATO
TAKATOH
TAKATOW
TAKATSU
TAKATSUGI
TAKATSUI
TAKATSUKA
TAKATSUKI
TAKATSUNO
TAKAURA
TAKAYA
TAKAYAMA
TAKAYANAGI
TAKAYOSHI
TAKAZAWA
TAKAZUMI
TAKE
TAKEA
TAKEBAYASH
TAKECHI
TAKEDA
TAKEFUGI
TAKEFUJI
TAKEGUCHI
TAKEGUMA
TAKEHANA
TAKEHARA
TAKEHIRO
TAKEHITA
TAKEI
TAKEICHI
TAKEIRI
TAKEKAWA
TAKEMATO
TAKEMITSU
TAKEMIYA
TAKEMORI
TAKEMOTO
TAKEMURA
TAKENAGA
TAKENAKA
TAKENO
TAKENOBU
TAKENOMI
TAKENOUCHI
TAKEO
TAKEOKA
TAKESAKI
TAKESAKO
TAKESHIGE
TAKESHIMA
TAKESHITA
TAKESONO
TAKESUE
TAKETA
TAKETANI
TAKETAYA
TAKETOMI
TAKETOMO
TAKETOSHI
TAKEUCH&
TAKEUCHI
TAKEYAMA
TAKEYASU
TAKI
TAKIDO
TAKIGAWA
TAKIGUCHI
TAKII
TAKIKAWA
TAKIMOTO
TAKIMURA
TAKINO
TAKITA
TAKIUCHI
TAKIYAMA
TAKIZAKI
TAKIZAWA
TAKOMOTO
TAKU
TAKUMA
TAKUMI
TAKUSAGAWA
TAKUSAKO
TAKUSHI
TAKUSHIMA
TAMADA
TAMAGAKI
TAMAGAWA
TAMAGUSUKU
TAMAI
TAMAKA
TAMAKI
TAMAMOTO
TAMANAHA
TAMANE
TAMANO
TAMAO
TAMAOKA
TAMARI
TAMARIBUCH
TAMARU
TAMASATO
TAMASHIRO
TAMASU
TAMATA
TAMATSUKUR
TAMAYA
TAMAYE
TAMBARA
TAMEHIRO
TAMEI
TAMEKAZU
TAMEMURA
TAMENO
TAMESA
TAMISATO
TAMIYA
TAMIYASU
TAMOGAWA
TAMORI
TAMOSU
TAMOTO
TAMURA
TAN
TAN&SAWA
TAN9MOTO
TANA
TANABE
TANADA
TANAGI
TANAHARA
TANAHASHI
TANAKA
TANAKATSUB
TANAKI
TANAMACHI
TANAMURA
TANASE
TANAZAWA
TANBARA
TANBE
TANDA
TANE
TANEDA
TANEMURA
TANEZAKI
TANGE
TANGUCHI
TANI
TANIAI
TANIBATA
TANIDA
TANIGAKI
TANIGAWA
TANIGOSHI
TANIGUCHI
TANIGUSHI
TANIHANA
TANIHARA
TANII
TANIJIRI
TANIKAWA
TANIMINE
TANIMIZU
TANIMORI
TANIMOTO
TANIMURA
TANINAKA
TANINO
TANIOKA
TANISAKA
TANISAKI
TANISAWA
TANISHITA
TANITA
TANIWAKI
TANIYAMA
TANIZAKI
TANIZAWA
TANJI
TANKA
TANNO
TANO
TANOMURA
TANOUE
TANOUYE
TANUMA
TANZAWA
TAO
TAODA
TAOKA
TAOMORI
TAONE
TAONOUCHI
TARA
TARADA
TARI
TARUMOTO
TARUO
TASAI
TASAKA
TASAKI
TASHIMA
TASHIRO
TASHISHIGE
TASUGI
TATAMI
TATANI
TATANO
TATARA
TATE
TATEGO
TATEHARA
TATEISHI
TATEIWA
TATEMATSU
TATEMOTO
TATENO
TATEOKA
TATEWAKI
TATEYAMA
TATSUDA
TATSUGAWA
TATSUGUCHI
TATSUI
TATSUKAWA
TATSUMI
TATSUNO
TATSUTA
TATSUZAWA
TATUSDA
TAUCHI
TAURA
TAUTSUI
TAWA
TAWAMOTO
TAWARA
TAYA
TAYAMA
TAYENAKA
TAYLOR
TAZAMI
TAZAWA
TAZUCHI
TAZUMA
TAZUMI
TCNIGUCHI
TE-AGAWA
TE-AMOTO
TE-AOKU
TE-ASAKI
TEFFT
TEIXEIRA
TEIXIERA
TEKAWA
TEKEMOTO
TEMPO
TENBATA
TENGAN
TENMA
TERADA
TERAGAWA
TERAGUCHI
TERAI
TERAISHI
TERAJI
TERAKADO
TERAKAMI
TERAKAWA
TERAMA
TERAMAYE
TERAMI
TERAMOTO
TERAMURA
TERANISHI
TERAO
TERAOKA
TERAOKU
TERASAKI
TERASAWA
TERASHI
TERASHIMA
TERASHITA
TERAURA
TERAYAMA
TERAZAWA
TEROAKA
TERUGA
TERUI
TERUO
TERUSAKI
TERUYA
TESHIBA
TESHIMA
TESHIROGI
TEZUKA
TOBA
TOBARA
TOBATA
TOBE
TOBO
TOCHI
TOCHIHARA
TOCHIMOTO
TOCHIOKA
TOCHIURA
TODA
TODAH
TODO
TODORIKI
TODOROKI
TOFUKUJI
TOGAMI
TOGASAKI
TOGASHI
TOGAWA
TOGE
TOGIKAWA
TOGINO
TOGIOKA
TOGO
TOGUCHI
TOGUCHIDA
TOGURI
TOHARA
TOHINAKA
TOI
TOIMOTO
TOIZUMI
TOJI
TOJO
TOKAHASHI
TOKAJI
TOKANO
TOKAOKA
TOKE
TOKESHI
TOKI
TOKIMASA
TOKIMITSU
TOKIMOTO
TOKIMURA
TOKINOBU
TOKIRIO
TOKITA
TOKITSU
TOKIWA
TOKIYAMA
TOKO
TOKORO
TOKOSHIMA
TOKU
TOKUBO
TOKUDA
TOKUDOMI
TOKUGAGA
TOKUGAWA
TOKUHIRA
TOKUHIRO
TOKUHISA
TOKUMAGA
TOKUMASU
TOKUMATSU
TOKUMOTO
TOKUMURA
TOKUNAGA
TOKUNI
TOKUNO
TOKUNOW
TOKUOKA
TOKUSHIGE
TOKUSHIMA
TOKUTA
TOKUTOMI
TOKUYAMA
TOKUYOSHI
TOMA
TOMAHIRO
TOMAKAZU
TOMEMATSU
TOMIE
TOMIHIRO
TOMIKAMI
TOMIKAWA
TOMIMATSU
TOMIMOTO
TOMINAGA
TOMINE
TOMIO
TOMIOKA
TOMISAKA
TOMISHIGE
TOMISHIMA
TOMITA
TOMIYAMA
TOMIYASU
TOMIYE
TOMIYOSHI
TOMIZAWA
TOMO
TOMODA
TOMOEDA
TOMOGUCHI
TOMOHIRO
TOMOIKE
TOMOMITSU
TOMONAGA
TOMONO
TOMOOKA
TOMORI
TOMOSADA
TOMOSHIGE
TOMOTA
TOMOTOSHI
TOMOYASU
TOMURA
TONAI
TONASE
TONDO
TONGU
TONITA
TONO
TONODA
TONOGI
TONOKAWA
TONOMO
TONOMURA
TONOMURA F
TONOOKA
TONOOKS
TORAKAWA
TORIBARA
TORIBUCHI
TORIGOE
TORIGOYE
TORII
TORIIHARA
TORIMARU
TORIO
TORISU
TORIUMI
TORIYAMA
TORIYE
TORIZAWA
TORRES
TOSAKI
TOSAYA
TOSHI
TOSHIMA
TOSHIMITSU
TOSHITUNE
TOSHIYUKE
TOSHIYUKI
TOSONO
TOTSUBO
TOTSUGI
TOWATA
TOYA
TOYADA
TOYAMA
TOYE
TOYO
TOYOASKI
TOYODA
TOYOFUKU
TOYOHARA
TOYOJI
TOYOKAWA
TOYOMA
TOYOMASU
TOYOMURA
TOYONARI
TOYOOKA
TOYOSAKI
TOYOSHIMA
TOYOTA
TOYOTOME
TOZAKI
TRINIDAD
TROKEY
TSERI
TSJUI
TSUBAHARA
TSUBAKIHAR
TSUBAKIMOT
TSUBAMOTO
TSUBIO
TSUBOCHI
TSUBOI
TSUBOKAWA
TSUBOKURA
TSUBONE
TSUBOTA
TSUBOUCHI
TSUCHI
TSUCHIDA
TSUCHIGUCH
TSUCHIHASH
TSUCHIHIRA
TSUCHII
TSUCHIKAWA
TSUCHIMOCH
TSUCHIMORI
TSUCHIMOTO
TSUCHITANI
TSUCHIURA
TSUCHIYA
TSUCHIYAMA
TSUCHIYOSE
TSUDA
TSUDAMA
TSUE
TSUETAKI
TSUFURA
TSUGAWA
TSUGI
TSUGITA
TSUHA
TSUHARA
TSUI
TSUIDA
TSUJI
TSUJIGAMI
TSUJIHARA
TSUJII
TSUJIJI
TSUJIKAWA
TSUJIMICHI
TSUJIMOTO
TSUJIMURA
TSUJIOKA
TSUJISAKA
TSUJITA
TSUJIUCHI
TSUKADA
TSUKAGAWA
TSUKAGOSHI
TSUKAHARA
TSUKAHIRA
TSUKAMAKI
TSUKAMOTO
TSUKAO
TSUKASHIMA
TSUKAYAMA
TSUKAZAKI
TSUKIASHI
TSUKIDA
TSUKIDAA
TSUKIGI
TSUKIJI
TSUKIMOTO
TSUKIMURA
TSUKINARI
TSUKUDA
TSUKUHARA
TSUKUI
TSUKUMURA
TSUKUNO
TSUMA
TSUMAGARI
TSUMARA
TSUMIYAMA
TSUMORI
TSUMOTO
TSUMURA
TSUNADA
TSUNASHIMA
TSUNAWAKI
TSUNEHARA
TSUNEICHI
TSUNEISHI
TSUNEKAWA
TSUNEMITSU
TSUNEMOTO
TSUNEMURA
TSUNENAGA
TSUNEOKA
TSUNESHIGE
TSUNETA
TSUNEYOSHI
TSUNO
TSUNODA
TSUNOJI
TSUNOKAI
TSUNOMORI
TSURU
TSURUDA
TSURUDOME
TSURUI
TSURUKAWA
TSURUMARU
TSURUMOTO
TSURUNO
TSURUO
TSURUOKA
TSURUSAKI
TSURUSATO
TSURUTA
TSURUTANI
TSURUTOMI
TSURUYA
TSURUYAMA
TSUSAKI
TSUSHIMA
TSUSHIO
TSUTAKA
TSUTAKAWA
TSUTAOKA
TSUTSUI
TSUTSUMI
TSUTSUMIDA
TSUTSUMOTO
TSUTUMI
TSUYE
TSUYUKI
TSUYUMINE
TSUZUKI
TSWMORI
TURUDA
TUSAKI
TUSKAMAKI
TUSKAMOTO
TUSTAKAWA
TWANAGA
UBA
UCHI
UCHIBORI
UCHIDA
UCHIGOSHI
UCHIHARA
UCHIHASHI
UCHIHORI
UCHIKOSHI
UCHIKURA
UCHIMA
UCHIMIYA
UCHIMOTO
UCHIMURA
UCHIO
UCHISADA
UCHISHIBA
UCHITA
UCHIUMI
UCHIYAMA
UCHIYAMADA
UCHIYAME
UDA
UDO
UEAISHA
UEBA
UEBABA
UECHI
UEDA
UEHARA
UEJIMA
UEJO
UEKI
UEMATSU
UEMOTO
UEMUKAI
UEMURA
UENAKA
UENISHI
UENO
UENOYAMA
UEOKA
UESUGI
UETAKE
UETSUJI
UEYAMA
UGA
UI
UJI
UJIE
UJIFUSA
UJIHARA
UJIIE
UJIIYE
UJIMOTO
UJITA
UJIYE
UKAI
UKAWA
UKEGAWA
UKITA
UMADE
UMAGAMI
UMAMOTO
UMANO
UMAWATARI
UMEDA
UMEHARA
UMEKI
UMEKITA
UMEKUBO
UMEMOTO
UMEMURA
UMENO
UMETA
UMETANI
UMEZAWA
UMEZU
UMEZUKA
UMINO
UMOSA
UNE
UNEDA
UNITOMI
UNNO
UNO
UNOKI
UNOSAWA
UNOURA
UO
UOHINAKA
UOMOTO
UOTA
UOZUMI
URA
URABE
URAGAMI
URAGUCHI
URAKAMI
URAKAWA
URAKI
URANISHI
URANO
URASAKI
URASHI
URATA
URATSU
URAYAMA
URESHINO
URIU
URIW
URIYO
URIYU
UROKOGATA
URUSHIBATA
URUSHIMA
URUTA, FURUTA,
USAMI
USHIGUSA
USHIJIMA
USHIO
USHIOKA
USHIRO
USHIYAMA
USUDA
USUI
USUKI
UTO
UTSU
UTSUKI
UTSUMI
UTSUMIYA
UTSUNOMIYA
UTSUROGI
UTSUSHIGAW
UWAIZUMI
UWANO
UWATE
UYAMA
UYECHI
UYEDA
UYEGAKI
UYEHAARA
UYEHARA
UYEHATA
UYEI
UYEJI
UYEJO
UYEKAWA
UYEKI
UYEKUBO
UYEMA
UYEMARUKO
UYEMATSU
UYEMINAMI
UYEMORI
UYEMOTO
UYEMSTSU
UYEMURA
UYEND
UYENISHI
UYENO
UYEOKA
UYESAKA
UYESATO
UYESHIMA
UYESUGI
UYETA
UYETAKE
UYETANAKA
UYETANI
UYETATSU
UYETSUKA
UYEYAM
UYEYAMA
UZUHASHI
VAN PELT
VENTURA
VETTER
VOSHIMOTO
WACHI
WADA
WADAHARA
WADAMOTO
WADE
WAGATSUMA
WAGO
WAIZUMI
WAKABAYASH
WAKAGAWA
WAKAHIRO
WAKAI
WAKAKUWA
WAKAMATSU
WAKAMI
WAKAMIYA
WAKAMOTO
WAKAMURA
WAKANO
WAKASA
WAKASHIMA
WAKASUGI
WAKATAKE
WAKATANI
WAKATSUKI
WAKAYAMA
WAKAYE
WAKAZURU
WAKE
WAKI
WAKICHI
WAKIDA
WAKIJI
WAKIMOTO
WAKINAKA
WAKINO
WAKISAKA
WAKITA
WAKIYAMA
WAKUMOTO
WALLACE
WANIFUCHI
WASA
WASAI
WASANO
WASEDA
WASHIMI
WASHINO
WASHIO
WASHIYA
WASHIZAKI
WASHIZU
WASHIZUKA
WATABAYASH
WATADA
WATAHARA
WATAHIRA
WATAJI
WATAMURA
WATANABA
WATANABE
WATANUKI
WATAOKA
WATARI
WATARIDA
WATASE
WATO
WATSUMOTO
WAUKE
WAYABAYASH
WEDA
WEHARA
WHARTON
WILLESS
WILLIAMS
WILSON
WINOKI
WOO
WOOLVERTON
WOZUMI
WUMINO
WUNNO
WYEMURA
XICOTENCAT
Y AGUCHI
Y-SHIOKA
YABE
YABIKU
YABITSU
YABU
YABUKI
YABUKU
YABUMOTO
YABUNO
YABUSAKI
YABUTA
YABUTANI
YADA
YAFUSO
YAGADE
YAGAMI
YAGASAKI
YAGAWA
YAGI
YAGINUMA
YAGISHITA
YAGO
YAGUCHI
YAGURA
YAGYU
YAHAGI
YAHANDA
YAHATA
YAHIRO
YAJI
YAKA
YAKAHI
YAKATA
YAKI
YAKURA
YAKURE
YAKUSHIJI
YAKUSHIJIN
YAM MOTO
YAMA
YAMABAYASH
YAMABE
YAMACHI
YAMACHIKA
YAMADA
YAMADERA
YAMAGA
YAMAGAMI
YAMAGATA
YAMAGISHI
YAMAGIWA
YAMAGUCHI
YAMAGUMA
YAMAHARA
YAMAHATA
YAMAHIRO
YAMAI
YAMAICHI
YAMAJI
YAMAKA
YAMAKAMI
YAMAKAWA
YAMAKI
YAMAKIDO
YAMAKITA
YAMAKOSHI
YAMAKUCHI
YAMAMATO
YAMAMI
YAMAMISAKA
YAMAMISAKO
YAMAMOTO
YAMAMURA
YAMAMURO
YAMANA
YAMANAGA
YAMANAKA
YAMANASHI
YAMANE
YAMANI
YAMANISHI
YAMANO
YAMANOBE
YAMANOUCHI
YAMANOUYE
YAMANUHA
YAMAO
YAMAOKA
YAMAOKO
YAMASAKI
YAMASHIGE
YAMASHIMA
YAMASHINA
YAMASHIRA
YAMASHIRO
YAMASHIROY
YAMASHITA
YAMASKI
YAMASUKI
YAMATAKE
YAMATAKI
YAMATANI
YAMATE
YAMATO
YAMATODA
YAMAUCHI
YAMAURA
YAMAWAKI
YAMAYA
YAMAYOSHI
YAMAYUKI
YAMAZAKI
YAMAZI
YAMAZUKI
YAMAZUMI
YAMENAKA
YAMISHITA
YAMOMATO
YAMOTO
YAMUCHI
YANABA
YANABU
YANADA
YANAGA
YANAGAWA
YANAGI
YANAGIBASH
YANAGIDA
YANAGIDATE
YANAGIHARA
YANAGIMACH
YANAGIMOTO
YANAGINASH
YANAGINUMA
YANAGIOKA
YANAGISAKO
YANAGISAWA
YANAGITA
YANAGITANI
YANAGIYA
YANAI
YANAII
YANAKA
YANAMOTO
YANANOSE
YANARI
YANASAKI
YANASE
YANEHIRO
YANO
YANOHIRA
YANOKAWA
YAO
YAOYA
YARITA
YASAHI
YASAKI
YASHIDA
YASHIKI
YASHIMA
YASHIMO
YASHIRO
YASOJIMA
YASTAKE
YASTUAKE
YASUBA
YASUDA
YASUDO
YASUFUKU
YASUHARA
YASUHIRA
YASUHIRA H
YASUHIRA R
YASUHIRA Y
YASUHIRO
YASUI
YASUKAWA
YASUKOCHI
YASUMATSU
YASUMI
YASUMOTO
YASUMURA
YASUNAGA
YASUNAKA
YASUNOBU
YASUOKA
YASUTAKE
YASUTOME
YASUTOMI
YASUTOMO
YASUZAKI
YASUZAWA
YATA
YATABE
YATAGAI
YATO
YATSU
YATSUI
YATSUKI
YATSUNAMI
YATSUSHIRO
YAUSTAKE
YAWATA
YAWATANI
YAWGASHI
YAYESAKI
YAYOSHI
YAZAHI
YAZAKI
YAZAWA
YEBISU
YEDA
YEE
YEGO
YEGUCHI
YEKI
YEMOTO
YENARI
YENOKI
YENOKIDA
YEOMAN
YETO
YETOW
YEYA
YHMAMURA
YJMAMOTO
YMASHITA
YODA
YODISHA
YOGI
YOGURA
YOHSIDA
YOKATA
YOKOBATA
YOKOBE
YOKOE
YOKOGAWA
YOKOHAMA
YOKOHARI
YOKOI
YOKOME
YOKOMI
YOKOMICHI
YOKOMIZO
YOKOMORI
YOKOMURA
YOKOO
YOKORO
YOKOTA
YOKOTAKE
YOKOTE
YOKOTOBI
YOKOUCHI
YOKOYA
YOKOYAMA
YOKOZAWA
YOKOZEKI
YOMAGAMI
YOMAMOTO
YOMANAKA
YOMOGIDA
YONAI
YONAKI
YONANAKA
YONASHIRO
YONE
YONEDA
YONEHARA
YONEHIRO
YONEISHI
YONEKAWA
YONEKURA
YONEMINI
YONEMITSU
YONEMORI
YONEMOTO
YONEMURA
YONENAGA
YONENAKA
YONEOKA
YONESATO
YONESAWA
YONESHIGE
YONETA
YONETANI
YONEYAMA
YONEYAME
YONEZAWA
YONEZU
YONOOKA
YORICHI
YORICHIKA
YORIMITSU
YORIMOTO
YORIOKA
YORITA
YORITSUNE
YORIZANE
YORIZONE
YOROZU
YOROZUYA
YOSAKO
YOSHI
YOSHIAKA
YOSHIDA
YOSHIFUJI
YOSHIFUSA
YOSHIGAI
YOSHIHARA
YOSHIHASHI
YOSHIHATA
YOSHIHIRO
YOSHII
YOSHIJIMA
YOSHIKADO
YOSHIKAI
YOSHIKAMI
YOSHIKANE
YOSHIKAWA
YOSHIKI
YOSHIKURA
YOSHIMACHI
YOSHIMASU
YOSHIMI
YOSHIMINE
YOSHIMIYA
YOSHIMIZU
YOSHIMO
YOSHIMORI
YOSHIMOTO
YOSHIMUNE
YOSHIMUR
YOSHIMURA
YOSHINAGA
YOSHINAGO
YOSHINAKA
YOSHINARI
YOSHINO
YOSHINOBU
YOSHIOKA
YOSHIRO
YOSHISAKI
YOSHISATO
YOSHISE
YOSHITAKE
YOSHITANI
YOSHITOMI
YOSHITSU
YOSHITSUGU
YOSHITSUKA
YOSHIURA
YOSHIWA
YOSHIWARA
YOSHIYAMA
YOSHIZAKI
YOSHIZATO
YOSHIZAWA
YOSHIZUKA
YOSHIZUMI
YOSHKAWA
YOSHUJAMA
YOSI
YOTA
YOTORI
YOTSOYA
YOTSUKURA
YOTSUUYA
YOTSUUYE
YOTSUYA
YOUKEY
YOUNG
YSAUTOME
YUASA
YUBA
YUGE
YUGI
YUGUCHI
YUHARA
YUHASHI
YUHORA
YUI
YUJI
YUJIRI
YUJO
YUKAWA
YUKI
YUKIHIRO
YUKIMURA
YUKINARI
YUKITAKE
YUKUTAKE
YUMAE
YUMEN
YUMIBA
YUMIBE
YUMIKURA
YUNAKA
YUNOUYE
YUOKA
YURA
YUSA
YUSAWA
YUSHINO
YUTANI
YUTO
YUYAMA
YUZANA
YUZAWA
YUZUKI
YUZURIHA
ZAIMA
ZAIMAN
ZAKOJI
ZENHIRO
ZENIHIRO
ZENIMURA
ZHIMADA
ZORIKI
ZUICHO
ZUKI
